id,nombre,categoria,imagen
prod-00901,GLUCOPHAGE 500MG METFORMINA,Adulto mayor,imagenesmedimentos/metformina850mg.png
prod-00900,IBUPROFENO 800MG LAPROFF,Antiinflamatorios,imagenesmedimentos/Ibuprofeno800mg.png
prod-00899,CLARITROMICINA 500 MG LAPROFF,Antibióticos,imagenesmedimentos/genericas/antibioticos.svg
prod-00898,KIT NEBULIZADOR PEDIATRICO,Otros,imagenesmedimentos/genericas/otros.svg
prod-00897,KIT NEBULIZADOR ADULTO,Otros,imagenesmedimentos/genericas/otros.svg
prod-00889,ISOFLAVONAS DE SOYA 500MG,Otros,imagenesmedimentos/genericas/otros.svg
prod-00877,VALSARTAN 160MG MK,Otros,imagenesmedimentos/genericas/otros.svg
prod-00876,VALSARTAN 80MG MK,Otros,imagenesmedimentos/genericas/otros.svg
prod-00873,LOSARTAN 50MG LA SANTE,Adulto mayor,imagenesmedimentos/losartan50mg.png
prod-00865,CLARITROMICINA 250MG/5ML,Antibióticos,imagenesmedimentos/genericas/antibioticos.svg
prod-00864,BAJALENGUAS DE MADERA,Otros,imagenesmedimentos/genericas/otros.svg
prod-00859,BELLAFACE SUAVE 28 TABLETAS,Otros,imagenesmedimentos/genericas/otros.svg
prod-00857,VIVE 100 ORIGINAL 310ML,Otros,imagenesmedimentos/genericas/otros.svg
prod-00855,BUSCAPINA FEM,Analgésicos,imagenesmedimentos/buscapnacompositum.jpg
prod-00854,CIRUELAX 20 TABLETAS,Otros,imagenesmedimentos/genericas/otros.svg
prod-00853,CENTRUM WOMEN 30 TABLETAS,Vitaminas,imagenesmedimentos/centrum.jpg
prod-00850,CENTRUM MEN 30 TABLETAS,Vitaminas,imagenesmedimentos/centrum.jpg
prod-00849,CENTRUM ADVANCE 30 TABLETAS,Vitaminas,imagenesmedimentos/centrum.jpg
prod-00848,DOLEX FORTE,Analgésicos,imagenesmedimentos/dolex.jpg
prod-00844,TIQUEPIN QUETIAPINA 25MG,Otros,imagenesmedimentos/genericas/otros.svg
prod-00843,DOMICILIO,Otros,imagenesmedimentos/genericas/otros.svg
prod-00842,GINGO BILOBA,Otros,imagenesmedimentos/genericas/otros.svg
prod-00840,SMECTA SOBRE,Otros,imagenesmedimentos/genericas/otros.svg
prod-00839,VASO ALOHA KOLA,Otros,imagenesmedimentos/genericas/otros.svg
prod-00838,GALLETA HELADO JUMBO,Otros,imagenesmedimentos/genericas/otros.svg
prod-00837,GALLETA HELADO NAPOLITANA,Otros,imagenesmedimentos/genericas/otros.svg
prod-00835,PALETA CHOCOLISTO CHOCOLATE,Otros,imagenesmedimentos/genericas/otros.svg
prod-00834,PALETA POLET CEREZA,Otros,imagenesmedimentos/genericas/otros.svg
prod-00832,PALET POLET CHOCOAVELLANA,Otros,imagenesmedimentos/genericas/otros.svg
prod-00831,HELADO CASERO COCO,Otros,imagenesmedimentos/genericas/otros.svg
prod-00830,HELADO CASERO RON PASAS,Otros,imagenesmedimentos/genericas/otros.svg
prod-00829,HELADO CASERO GUANABANA,Otros,imagenesmedimentos/genericas/otros.svg
prod-00828,HELADO CASERO YOGURT FRESA,Otros,imagenesmedimentos/genericas/otros.svg
prod-00827,HELADO ARTESANAL MARACUYA,Otros,imagenesmedimentos/genericas/otros.svg
prod-00826,HELADO ARTESANAL TRES LECHES,Otros,imagenesmedimentos/genericas/otros.svg
prod-00825,HELADO ARTESANAL MANDARINA,Otros,imagenesmedimentos/genericas/otros.svg
prod-00822,PAÑALES WINNY PANTS ETAPA 4,Bebés,imagenesmedimentos/pañaleshuggies.jpg
prod-00819,HIDRAPLUS 75 ZINC 400ML UVA,Otros,imagenesmedimentos/genericas/otros.svg
prod-00818,AMPER ENERGY 473ML,Otros,imagenesmedimentos/genericas/otros.svg
prod-00816,RED BULL LATA 250ML,Otros,imagenesmedimentos/genericas/otros.svg
prod-00808,PALETA ALOHA LIMON,Otros,imagenesmedimentos/genericas/otros.svg
prod-00807,PALETA ALOHA NARANJA,Otros,imagenesmedimentos/genericas/otros.svg
prod-00806,PALETA JET GOOL,Otros,imagenesmedimentos/genericas/otros.svg
prod-00803,CHOCOCONO X90G,Otros,imagenesmedimentos/genericas/otros.svg
prod-00799,ABRILAR EA 575 JARABE 100ML,Otros,imagenesmedimentos/genericas/otros.svg
prod-00787,ACONDIC SAVITAL 490ML ELIXIR R,Otros,imagenesmedimentos/genericas/otros.svg
prod-00784,SHAMPO DOVE RECONSTRUCCION + A,Otros,imagenesmedimentos/genericas/otros.svg
prod-00781,ACONDICIONADOR DOVE RECONSTRUC,Otros,imagenesmedimentos/genericas/otros.svg
prod-00776,CREMA DENTAL NIÑOS PROQUIDENT,Cuidado personal,imagenesmedimentos/genericas/cuidado-personal.svg
prod-00773,ACONDICIONADOR BAMBU PANTENE 4,Otros,imagenesmedimentos/genericas/otros.svg
prod-00771,PESTAÑINA MAX FACTOR PROMO,Otros,imagenesmedimentos/genericas/otros.svg
prod-00760,SERUM DREAMLISO 100ML,Otros,imagenesmedimentos/genericas/otros.svg
prod-00754,SHAMPO REPARA TOTAL5 ELVIVE 37,Otros,imagenesmedimentos/genericas/otros.svg
prod-00745,ELECTROLIT PONCHE DE FRUTAS,Bebidas,imagenesmedimentos/electrolit.png
prod-00744,ELECTROLIT LIMA LIMON,Bebidas,imagenesmedimentos/electrolit.png
prod-00743,ATORVASTATINA LA SANTE 20MG,Otros,imagenesmedimentos/genericas/otros.svg
prod-00742,CLOPIDOGREL 75MG AG CAJA,Otros,imagenesmedimentos/genericas/otros.svg
prod-00741,METOCLOPRAMIDA BLISTER SANFER,Otros,imagenesmedimentos/genericas/otros.svg
prod-00739,ALIPRID ALIZAPRIDA 15ML,Otros,imagenesmedimentos/genericas/otros.svg
prod-00738,IGORA 7-65 CAFE MOCA CLARO,Otros,imagenesmedimentos/genericas/otros.svg
prod-00737,IGORA 1-0 NEGRO,Otros,imagenesmedimentos/genericas/otros.svg
prod-00736,2 IGORA 6-34 CHOCOLATE DORADO,Otros,imagenesmedimentos/genericas/otros.svg
prod-00734,2 TUBOS IGORA 4-0 CASTAÑO MEDI,Otros,imagenesmedimentos/genericas/otros.svg
prod-00732,IGORA 606 CHOCOLATE INTENSO BR,Otros,imagenesmedimentos/genericas/otros.svg
prod-00730,STAMYL 20 GRAGEAS,Otros,imagenesmedimentos/genericas/otros.svg
prod-00728,BIGEN MENS SPEEDY 101 NEGRO,Otros,imagenesmedimentos/genericas/otros.svg
prod-00727,BIGEN 59 NEGRO ORIENTAL,Otros,imagenesmedimentos/genericas/otros.svg
prod-00726,"PIROXICAM 0,5% GEL 30G",Otros,imagenesmedimentos/genericas/otros.svg
prod-00725,OSCILLOCOCCINUM 6 DOSIS,Otros,imagenesmedimentos/genericas/otros.svg
prod-00724,PAPEL HIGIENICO FAMILIA,Otros,imagenesmedimentos/genericas/otros.svg
prod-00721,LOMOTIL 4 TABLETAS,Otros,imagenesmedimentos/genericas/otros.svg
prod-00719,BELLAFACE 21 TABLETAS,Otros,imagenesmedimentos/genericas/otros.svg
prod-00718,VALERIANA + PASIFLORA 60ML,Otros,imagenesmedimentos/genericas/otros.svg
prod-00716,PESTAÑINA VOGUE,Otros,imagenesmedimentos/genericas/otros.svg
prod-00714,RUBOR VOGUE,Otros,imagenesmedimentos/genericas/otros.svg
prod-00713,RUBOR NAILEN,Otros,imagenesmedimentos/genericas/otros.svg
prod-00711,PRESTOBARBA VENUS MUJER,Otros,imagenesmedimentos/genericas/otros.svg
prod-00709,POLVO NAILEN,Otros,imagenesmedimentos/genericas/otros.svg
prod-00708,PESTAÑINA NAILEN,Otros,imagenesmedimentos/genericas/otros.svg
prod-00707,PESTAÑINA VOGUE EFECTO MUÑECA,Otros,imagenesmedimentos/genericas/otros.svg
prod-00706,LAPIZ NAILEN CEJA OJO,Otros,imagenesmedimentos/genericas/otros.svg
prod-00705,LABIAL NAILEN,Otros,imagenesmedimentos/genericas/otros.svg
prod-00703,LABIAL NAILEN LARGA DURACION,Otros,imagenesmedimentos/genericas/otros.svg
prod-00702,JABON NEKO,Cuidado personal,imagenesmedimentos/genericas/cuidado-personal.svg
prod-00701,ILUMINADOR NAILEN,Otros,imagenesmedimentos/genericas/otros.svg
prod-00700,CORRECTOR LIQUIDO VOGUE,Otros,imagenesmedimentos/genericas/otros.svg
prod-00699,CORRECTOR LIQUIDO NAILEN,Otros,imagenesmedimentos/genericas/otros.svg
prod-00698,BASE VOGUE 25ML,Otros,imagenesmedimentos/genericas/otros.svg
prod-00695,ACEITE DE CALENDULA 120ML,Otros,imagenesmedimentos/genericas/otros.svg
prod-00692,OMEGA 3 PHARBIOLAB,Otros,imagenesmedimentos/genericas/otros.svg
prod-00690,SURELAB MAMA POLVO VAINILLA PH,Otros,imagenesmedimentos/genericas/otros.svg
prod-00686,PROPOLVIK PASTILLAS GARGANTA S,Otros,imagenesmedimentos/genericas/otros.svg
prod-00685,FYBOGEL SOBRE,Otros,imagenesmedimentos/genericas/otros.svg
prod-00684,VITAFER SACHETS,Otros,imagenesmedimentos/genericas/otros.svg
prod-00683,ENGYSTOL 50 COMPRIMIDOS,Otros,imagenesmedimentos/genericas/otros.svg
prod-00682,MASMELOS MILLOWS,Otros,imagenesmedimentos/genericas/otros.svg
prod-00681,GOMITAS TRULULU SURTIDO,Otros,imagenesmedimentos/genericas/otros.svg
prod-00680,GOMITAS GRISSLY SURTIDAS,Otros,imagenesmedimentos/genericas/otros.svg
prod-00679,BOM BOM BUM SURTIDO,Otros,imagenesmedimentos/genericas/otros.svg
prod-00678,POPETAS SURTIDAS,Otros,imagenesmedimentos/genericas/otros.svg
prod-00677,CHOCORRAMO GRANDE,Otros,imagenesmedimentos/genericas/otros.svg
prod-00676,GALLETA TOSH MIEL,Otros,imagenesmedimentos/genericas/otros.svg
prod-00674,HALLS TUBO SURTIDO,Otros,imagenesmedimentos/genericas/otros.svg
prod-00672,DETODITO SURTIDO,Otros,imagenesmedimentos/genericas/otros.svg
prod-00671,TRULULU FEROZ,Otros,imagenesmedimentos/genericas/otros.svg
prod-00669,TRIDENT SURTIDOS,Otros,imagenesmedimentos/genericas/otros.svg
prod-00668,JUMBO MANI GRANDE,Otros,imagenesmedimentos/genericas/otros.svg
prod-00667,JUMBO MANI MEDIANA,Otros,imagenesmedimentos/genericas/otros.svg
prod-00665,GALLETA OREO,Otros,imagenesmedimentos/genericas/otros.svg
prod-00664,AGUA BRISA SURTIDA SABORIZADA,Bebidas,imagenesmedimentos/genericas/bebidas.svg
prod-00663,JUGO HIT SURTIDOS,Bebidas,imagenesmedimentos/genericas/bebidas.svg
prod-00662,COCA COLA 400ML,Otros,imagenesmedimentos/genericas/otros.svg
prod-00661,AGUA CRISTAL MINI,Bebidas,imagenesmedimentos/genericas/bebidas.svg
prod-00660,AGUA BRISA CON GAS 600ML,Bebidas,imagenesmedimentos/genericas/bebidas.svg
prod-00659,BIPERIDENO 2MG MK,Otros,imagenesmedimentos/genericas/otros.svg
prod-00655,IBUPROFENO 800MG CAPS LIQU MK,Antiinflamatorios,imagenesmedimentos/Ibuprofeno800mg.png
prod-00654,SHAMPOO NUTRIBELA ARGAN 400ML,Cuidado personal,imagenesmedimentos/genericas/cuidado-personal.svg
prod-00653,POMYS ORIGINAL 6O UNI,Otros,imagenesmedimentos/genericas/otros.svg
prod-00649,CLOTRIMAZOL CREMA 40G AG,Cuidado personal,imagenesmedimentos/genericas/cuidado-personal.svg
prod-00648,DOLEX RAPIDA ACCION,Analgésicos,imagenesmedimentos/dolex.jpg
prod-00645,SODA HATSU 310ML,Otros,imagenesmedimentos/genericas/otros.svg
prod-00644,B VIT OFERTA 3 JERINGAS,Otros,imagenesmedimentos/genericas/otros.svg
prod-00643,BETADUO 2ML AMPOLLA,Otros,imagenesmedimentos/genericas/otros.svg
prod-00642,ELECTROLIT SABOR MORA AZUL,Bebidas,imagenesmedimentos/electrolit.png
prod-00641,ELECTROLIT SABOR MANZANA,Bebidas,imagenesmedimentos/electrolit.png
prod-00639,ELECTROLIT SABOR FRESA,Bebidas,imagenesmedimentos/electrolit.png
prod-00638,FOSFOGEN COMPLEJO B X30 CAPSUL,Vitaminas,imagenesmedimentos/genericas/vitaminas.svg
prod-00637,COMPLEJO B +ZINC + VITAMINA D3,Vitaminas,imagenesmedimentos/genericas/vitaminas.svg
prod-00636,ACTIVIT B COMPLEJO B,Vitaminas,imagenesmedimentos/genericas/vitaminas.svg
prod-00634,BISACODILO 10 TABLETAS,Otros,imagenesmedimentos/genericas/otros.svg
prod-00631,TAPABOCAS INDIVIDUAL,Otros,imagenesmedimentos/genericas/otros.svg
prod-00630,ALCOHOL OSA X345ML,Otros,imagenesmedimentos/genericas/otros.svg
prod-00629,ALCOHOL OSA X120ML,Otros,imagenesmedimentos/genericas/otros.svg
prod-00628,NEXT GRIPA GEL,Antigripales,imagenesmedimentos/genericas/antigripales.svg
prod-00627,GENOPRAZOL 20MG 14 CAPSULAS,Otros,imagenesmedimentos/genericas/otros.svg
prod-00626,LIMA DELGADA,Otros,imagenesmedimentos/genericas/otros.svg
prod-00625,REMOVEDOR LANDER TRADICIONAL 3,Otros,imagenesmedimentos/genericas/otros.svg
prod-00614,LIBELLE 2 TABL NOVAMED,Otros,imagenesmedimentos/genericas/otros.svg
prod-00612,GLUCERNA 237ML VAINILLA,Otros,imagenesmedimentos/genericas/otros.svg
prod-00608,SERVICIO GLUCOMETRIA,Otros,imagenesmedimentos/genericas/otros.svg
prod-00604,GOTERO DE VIDRIO,Otros,imagenesmedimentos/genericas/otros.svg
prod-00602,GUANTES QUIRURGICOS ESTERIL,Otros,imagenesmedimentos/genericas/otros.svg
prod-00594,PRESTOBARBA GILLETTE AZUL,Cuidado personal,imagenesmedimentos/desoderantegillette82gx2.png
prod-00592,DOLORSIN FEM,Otros,imagenesmedimentos/genericas/otros.svg
prod-00590,OMEPRAZOL 20MG 30 CAPSULAS LA ,Otros,imagenesmedimentos/omeprazol.png
prod-00584,TERMOMETRO DIGITAL INFANTIL,Otros,imagenesmedimentos/genericas/otros.svg
prod-00582,SULZINC 30 TABLETAS HUMA,Otros,imagenesmedimentos/genericas/otros.svg
prod-00579,TERMOMETRO DIGITAL TERMOCARE,Otros,imagenesmedimentos/genericas/otros.svg
prod-00576,COLONIA ARRURRU ROSADO 120ML,Otros,imagenesmedimentos/genericas/otros.svg
prod-00575,COLONIA ARRURRU AZUL 120ML,Otros,imagenesmedimentos/genericas/otros.svg
prod-00570,CHUPO REPUESTO AVENTS,Otros,imagenesmedimentos/genericas/otros.svg
prod-00557,SHAMPOO SAVITAL 510ML ELIXIR D,Cuidado personal,imagenesmedimentos/genericas/cuidado-personal.svg
prod-00553,IBUFLASH MIGRAN MK,Otros,imagenesmedimentos/genericas/otros.svg
prod-00552,IBUFLASH 400MG CAPSULAS,Otros,imagenesmedimentos/genericas/otros.svg
prod-00544,ESPADARADRAPO SUPREME 3X5,Otros,imagenesmedimentos/genericas/otros.svg
prod-00543,MICROPORE SUPREME 2X5,Otros,imagenesmedimentos/genericas/otros.svg
prod-00542,MICROPORE SUPREME 1X5,Otros,imagenesmedimentos/genericas/otros.svg
prod-00538,DESODORANTE GILLETTE 82G GEL,Cuidado personal,imagenesmedimentos/desoderantegillette82gx2.png
prod-00535,BUSCAPINA SIMPLE,Analgésicos,imagenesmedimentos/buscapnacompositum.jpg
prod-00532,APOSITO OCULAR INFANTIL,Otros,imagenesmedimentos/genericas/otros.svg
prod-00531,APOSITO OCULAR ADULTO,Otros,imagenesmedimentos/genericas/otros.svg
prod-00527,CETIRIZINA JARABE 60ML ECAR,Otros,imagenesmedimentos/genericas/otros.svg
prod-00512,HIOSCINA N BUTILBROMURO SANFER,Otros,imagenesmedimentos/buscapnacompositum.jpg
prod-00510,IBUPROFENO SUSPENSION KIDS AG ,Antiinflamatorios,imagenesmedimentos/Ibuprofeno800mg.png
prod-00508,CETIRIZINA JARABE 60ML AG,Otros,imagenesmedimentos/genericas/otros.svg
prod-00497,COREGA TABS,Otros,imagenesmedimentos/genericas/otros.svg
prod-00487,SECNIDAZOL 500MG COASHPHARMA 4,Otros,imagenesmedimentos/genericas/otros.svg
prod-00486,NITAZOXANIDA 500MG COASPHARMA,Otros,imagenesmedimentos/genericas/otros.svg
prod-00485,LORATADINA 10MG COASPHARMA,Antigripales,imagenesmedimentos/loratadina10mg.png
prod-00469,GEL LUBRICANTE HOT CALIENTE PI,Otros,imagenesmedimentos/genericas/otros.svg
prod-00468,MICROPORE PIEL 1/2 PUL NEXCARE,Otros,imagenesmedimentos/genericas/otros.svg
prod-00466,AMLODIPINO 10MG LA SANTE,Otros,imagenesmedimentos/genericas/otros.svg
prod-00461,MEGA MAX ENERGY SOBRE,Otros,imagenesmedimentos/genericas/otros.svg
prod-00459,ELECTROLIT SABOR A COCO,Bebidas,imagenesmedimentos/electrolit.png
prod-00458,"VITACEREBRINA 1000ML OMEGA 3,6",Vitaminas,imagenesmedimentos/vitac500mg.jpg
prod-00455,PAÑALES WINNY ETAPA 6 PANTS,Bebés,imagenesmedimentos/pañaleshuggies.jpg
prod-00453,SILDENAFIL 50MG RC,Otros,imagenesmedimentos/genericas/otros.svg
prod-00451,PRESERVATIVO DUREX CLASICO 3 U,Otros,imagenesmedimentos/genericas/otros.svg
prod-00449,SHAMPO HEAD & SHOULDERS 375ML ,Otros,imagenesmedimentos/genericas/otros.svg
prod-00448,AGUA MICELAR POND ELOE FRUITY ,Bebidas,imagenesmedimentos/genericas/bebidas.svg
prod-00441,METRONIDAZOL 500MG OVULOS COLM,Otros,imagenesmedimentos/genericas/otros.svg
prod-00440,CRONOFEN 500MG,Otros,imagenesmedimentos/genericas/otros.svg
prod-00439,PEDIAZINC SOLUCION ORAL 120ML,Otros,imagenesmedimentos/genericas/otros.svg
prod-00421,ACETAMINOFEN 500MG AG,Analgésicos,imagenesmedimentos/Acetaminofen500mg.png
prod-00419,NOXPIRIN PLUS CAPSULAS,Analgésicos,imagenesmedimentos/nospirina.jpg
prod-00417,TRIMEBUTINA 200MG LA SANTE,Otros,imagenesmedimentos/genericas/otros.svg
prod-00410,ENTEROGERMINA 5ML,Otros,imagenesmedimentos/genericas/otros.svg
prod-00408,PRUEBA DE EMBARAZO EARLY TEST,Otros,imagenesmedimentos/genericas/otros.svg
prod-00393,APIXABAN 5MG GENFAR,Otros,imagenesmedimentos/genericas/otros.svg
prod-00389,JABON INTIMO INTIBON 210 G SAL,Cuidado personal,imagenesmedimentos/genericas/cuidado-personal.svg
prod-00388,PROTECTOR SOLAR NIVEA SUN SHIN,Cuidado personal,imagenesmedimentos/genericas/cuidado-personal.svg
prod-00387,PROTECTOR SOLAR NIVEA SUN SHIN,Cuidado personal,imagenesmedimentos/genericas/cuidado-personal.svg
prod-00386,CREMA NIVEA 30ML,Cuidado personal,imagenesmedimentos/genericas/cuidado-personal.svg
prod-00384,CREMA NIEA SOFT MILK 400ML,Cuidado personal,imagenesmedimentos/genericas/cuidado-personal.svg
prod-00375,AMLODIPINO 5MG LA SANTE,Otros,imagenesmedimentos/genericas/otros.svg
prod-00368,GASA ESTERIL SOBRE,Otros,imagenesmedimentos/genericas/otros.svg
prod-00365,REPELENTE OUT 120ML,Otros,imagenesmedimentos/genericas/otros.svg
prod-00364,PICAFIN ROLON 60ML,Otros,imagenesmedimentos/genericas/otros.svg
prod-00355,TENA SLIP L PAÑALES,Bebés,imagenesmedimentos/pañaleshuggies.jpg
prod-00352,DESODORANTE SPEED STICK SOBRE,Cuidado personal,imagenesmedimentos/desoderantegillette82gx2.png
prod-00350,DESODORANTE REXONA CLINICAL SO,Cuidado personal,imagenesmedimentos/desoderantegillette82gx2.png
prod-00342,GEL EGO EXTREME 25ML SOBRE,Otros,imagenesmedimentos/genericas/otros.svg
prod-00341,BALANCE CLINICAL WOMEN SOBRE,Otros,imagenesmedimentos/genericas/otros.svg
prod-00340,CREMA LUBRIDERM HUMECTACION DE,Cuidado personal,imagenesmedimentos/genericas/cuidado-personal.svg
prod-00334,TRAMADOL 100MG AMPOLLA,Otros,imagenesmedimentos/genericas/otros.svg
prod-00333,METOCLOPRAMIDA 10MG AMPOLLA,Otros,imagenesmedimentos/genericas/otros.svg
prod-00331,LINCOMICINA 2ML 1 AMPOLLA,Otros,imagenesmedimentos/genericas/otros.svg
prod-00327,TORROX ETORICOXIB 90 MG 10 TAB,Otros,imagenesmedimentos/genericas/otros.svg
prod-00323,EQUIPO MACROGOTEO SUPREME,Otros,imagenesmedimentos/genericas/otros.svg
prod-00322,VICK VAPORUB 12GR,Otros,imagenesmedimentos/genericas/otros.svg
prod-00317,EYE ZUL SOLUCION OFTALMICA,Otros,imagenesmedimentos/genericas/otros.svg
prod-00316,NIFEDIPINO BECLAZONE 30MG,Otros,imagenesmedimentos/genericas/otros.svg
prod-00310,TIAMINA 1GR AMPOLLA,Otros,imagenesmedimentos/genericas/otros.svg
prod-00309,PASEDOL 50 MG,Otros,imagenesmedimentos/genericas/otros.svg
prod-00306,"ZOPICLONA 7,5MG SANFER",Otros,imagenesmedimentos/genericas/otros.svg
prod-00303,SINOVUL 21 TABLETAS,Otros,imagenesmedimentos/genericas/otros.svg
prod-00302,SILDENAFIL 50MG AG,Otros,imagenesmedimentos/genericas/otros.svg
prod-00300,LOSARTAN 50MG AG 30CAPSULAS,Adulto mayor,imagenesmedimentos/losartan50mg.png
prod-00299,IBUPROFENO 800MG AG,Antiinflamatorios,imagenesmedimentos/Ibuprofeno800mg.png
prod-00296,NAZIL OFTENO 15ML,Otros,imagenesmedimentos/genericas/otros.svg
prod-00294,MIELTERTOS JARABE 240ML,Otros,imagenesmedimentos/genericas/otros.svg
prod-00290,AMOXICILINA LA SANTE 500MG,Antibióticos,imagenesmedimentos/amoxicilina500mg.jpg
prod-00288,MIELTERTOS ZERO CON PROPOLEO,Otros,imagenesmedimentos/genericas/otros.svg
prod-00283,"TAMSULOSINA 0,4MG",Otros,imagenesmedimentos/genericas/otros.svg
prod-00281,PAX DIA NARANJA,Otros,imagenesmedimentos/genericas/otros.svg
prod-00280,PAX NOCHE PANELA,Otros,imagenesmedimentos/genericas/otros.svg
prod-00279,PAX NOCHE LIMON SOBRES,Otros,imagenesmedimentos/genericas/otros.svg
prod-00277,HIDROXIDO ALUMINIO - HIDROXIDO,Otros,imagenesmedimentos/genericas/otros.svg
prod-00276,LABIAL NIVEA CHERRY,Otros,imagenesmedimentos/genericas/otros.svg
prod-00275,LABIAL NIVEA STRAWBERRY,Otros,imagenesmedimentos/genericas/otros.svg
prod-00274,MESIGYNA AMPOLLA 1ML,Otros,imagenesmedimentos/genericas/otros.svg
prod-00271,DIPIRONA 1G AMPOLLA,Analgésicos,imagenesmedimentos/buscapnacompositum.jpg
prod-00270,CLINDAMIXINA 600MG AMPOLLA,Otros,imagenesmedimentos/genericas/otros.svg
prod-00269,CEFTRIAXONA 1G AMPOLLA,Otros,imagenesmedimentos/genericas/otros.svg
prod-00266,CLOBEGEN CREMA 20 G MK,Cuidado personal,imagenesmedimentos/genericas/cuidado-personal.svg
prod-00261,CLOTRIMAZOL 100MG OVULOS,Otros,imagenesmedimentos/genericas/otros.svg
prod-00260,BUSCAPINA NF,Analgésicos,imagenesmedimentos/buscapnacompositum.jpg
prod-00257,COMPLEJO B AMPOLLAS,Vitaminas,imagenesmedimentos/genericas/vitaminas.svg
prod-00255,CAPTOPRIL 25MG 30 TABLETAS,Otros,imagenesmedimentos/genericas/otros.svg
prod-00254,BISACODILO 5MG SANFER,Otros,imagenesmedimentos/genericas/otros.svg
prod-00252,DICLOFENACO RETARD 100 MG,Antiinflamatorios,imagenesmedimentos/diclofenacogel.png
prod-00242,ALBENDAZOL SUSPESION 20ML,Otros,imagenesmedimentos/genericas/otros.svg
prod-00241,ALBENDAZOL 200MG AG,Otros,imagenesmedimentos/genericas/otros.svg
prod-00240,CREMA FORZ,Cuidado personal,imagenesmedimentos/genericas/cuidado-personal.svg
prod-00239,CHAMPIOJO CIPERMETRINA,Otros,imagenesmedimentos/genericas/otros.svg
prod-00238,CALADRYL LOCION 100ML,Otros,imagenesmedimentos/genericas/otros.svg
prod-00234,CURAS LEUKOPLAST PIEL,Otros,imagenesmedimentos/genericas/otros.svg
prod-00231,TOBRADEX GOTAS 5 ML,Otros,imagenesmedimentos/genericas/otros.svg
prod-00226,FLEXIMAX ACE 14 TABLETAS,Otros,imagenesmedimentos/genericas/otros.svg
prod-00225,NYTAX SUSPENSION 60 ML  SABOR ,Otros,imagenesmedimentos/genericas/otros.svg
prod-00224,NYTAX 500MG CAPSULAS,Otros,imagenesmedimentos/genericas/otros.svg
prod-00221,VICK JARABE MIEL 120 ML,Otros,imagenesmedimentos/genericas/otros.svg
prod-00220,VICK DROPS 125 CARAMELOS,Otros,imagenesmedimentos/genericas/otros.svg
prod-00217,BISOLVON JARABE TOS SECA,Otros,imagenesmedimentos/genericas/otros.svg
prod-00216,BISOLVON JARABE PARA NIÑOS 120,Otros,imagenesmedimentos/genericas/otros.svg
prod-00215,PRUEBA DE EMBARAZO CLEAR BLUE ,Otros,imagenesmedimentos/genericas/otros.svg
prod-00214,METARSAL N CAPSULAS,Otros,imagenesmedimentos/genericas/otros.svg
prod-00213,METARSAL JARABE 120 ML,Otros,imagenesmedimentos/genericas/otros.svg
prod-00211,GELPIN FAST 2 TABLETAS,Otros,imagenesmedimentos/genericas/otros.svg
prod-00210,KRODEX F COMPUESTO SUSPENSION ,Otros,imagenesmedimentos/genericas/otros.svg
prod-00209,KRODEX F COMPUESTO 600MG  20 C,Otros,imagenesmedimentos/genericas/otros.svg
prod-00205,BION 3 - 30 TABLETAS,Otros,imagenesmedimentos/genericas/otros.svg
prod-00201,GESTAVIT DHA,Otros,imagenesmedimentos/genericas/otros.svg
prod-00200,TRIGENTAX CREMA TOPICA 40 G,Cuidado personal,imagenesmedimentos/genericas/cuidado-personal.svg
prod-00199,KOLA GRANULADA TRADICI 330 G +,Otros,imagenesmedimentos/genericas/otros.svg
prod-00195,FRASCO ORINA,Otros,imagenesmedimentos/genericas/otros.svg
prod-00194,CAJA CROPOLOGICA,Otros,imagenesmedimentos/genericas/otros.svg
prod-00192,MAREOL,Otros,imagenesmedimentos/genericas/otros.svg
prod-00190,STOPEN 2 CAPSULAS,Otros,imagenesmedimentos/genericas/otros.svg
prod-00186,TOALLAS NOSOTRAS PLUS CANAGEL ,Otros,imagenesmedimentos/genericas/otros.svg
prod-00178,ANEMIDOX CAPSULAS,Otros,imagenesmedimentos/genericas/otros.svg
prod-00173,NOFERTYL 1 AMPOLLA,Otros,imagenesmedimentos/genericas/otros.svg
prod-00172,NEURO 15 FOSFORO NF 20 CAPSULA,Otros,imagenesmedimentos/genericas/otros.svg
prod-00166,CREMA COLGATE LUMINOUS WHITE 9,Cuidado personal,imagenesmedimentos/colgatetripleaccion.jpg
prod-00164,MICROGYNON SUAVE 21 TABLETAS,Otros,imagenesmedimentos/genericas/otros.svg
prod-00163,"MICROGYNON 3, 21 TABLETAS",Otros,imagenesmedimentos/genericas/otros.svg
prod-00162,VOLTAREN 75 MG AMPOLLA,Otros,imagenesmedimentos/genericas/otros.svg
prod-00158,ISODINE SOLUCION 120 ML,Otros,imagenesmedimentos/genericas/otros.svg
prod-00157,ISODINE BUCOFARINGEO,Otros,imagenesmedimentos/genericas/otros.svg
prod-00156,METROZIN NISTATINA 10 OVULOS,Otros,imagenesmedimentos/genericas/otros.svg
prod-00155,ARTRITES 75MG,Otros,imagenesmedimentos/genericas/otros.svg
prod-00152,YODOPOVIL BUCOFARINGEO 60 ML,Otros,imagenesmedimentos/genericas/otros.svg
prod-00146,PEDIAVIT SOLUCION ORAL 10 ML,Otros,imagenesmedimentos/genericas/otros.svg
prod-00145,NORFLOXACINA 400 MG,Otros,imagenesmedimentos/genericas/otros.svg
prod-00142,PRUEBA DE EMBARAZO MIDSTREAM,Otros,imagenesmedimentos/genericas/otros.svg
prod-00141,MULTICOMPLEX B COMPLEX,Otros,imagenesmedimentos/genericas/otros.svg
prod-00140,LEGRIP PLUS,Otros,imagenesmedimentos/genericas/otros.svg
prod-00139,CERITAMIN JARABE 60 ML,Otros,imagenesmedimentos/genericas/otros.svg
prod-00138,CERITAMIN GOTAS 10MG,Otros,imagenesmedimentos/genericas/otros.svg
prod-00137,CERITAMIN,Otros,imagenesmedimentos/genericas/otros.svg
prod-00136,CALFAFEM D,Otros,imagenesmedimentos/genericas/otros.svg
prod-00132,AGUA OXIGENADA,Bebidas,imagenesmedimentos/genericas/bebidas.svg
prod-00131,GUANTES DE LATEX ALFA SAFE LAT,Otros,imagenesmedimentos/genericas/otros.svg
prod-00129,NOXPIRIN TOS SECA JARABE,Analgésicos,imagenesmedimentos/nospirina.jpg
prod-00125,SAL DE FRUTAS LUA,Otros,imagenesmedimentos/genericas/otros.svg
prod-00118,ASPIRINA 100 MF 140 TABLETAS,Analgésicos,imagenesmedimentos/aspirina500mg.png
prod-00117,ALKA SELTZER 2 TABLETAS EFERVE,Otros,imagenesmedimentos/genericas/otros.svg
prod-00116,JERINGA 3P 5 ML,Otros,imagenesmedimentos/genericas/otros.svg
prod-00115,JERINGA 3 P 3ML,Otros,imagenesmedimentos/genericas/otros.svg
prod-00114,JERINGA 3P 10 ML,Otros,imagenesmedimentos/genericas/otros.svg
prod-00113,ACID MANTLE N 120ML,Otros,imagenesmedimentos/genericas/otros.svg
prod-00112,DICLOFENACO 1% GEL 50 G ICOM,Antiinflamatorios,imagenesmedimentos/diclofenacogel.png
prod-00109,SEVEDOL EXTRA FUERTE BLISTER D,Otros,imagenesmedimentos/genericas/otros.svg
prod-00104,MEPROGAL 7.5 MG 10 TABLETAS,Otros,imagenesmedimentos/genericas/otros.svg
prod-00103,MEPROGAL 15 MG 10 TABLETAS,Otros,imagenesmedimentos/genericas/otros.svg
prod-00101,ATIFLAN 50 MG 20 TABLETAS DICL,Antiinflamatorios,imagenesmedimentos/diclofenacogel.png
prod-00099,NEOSALDINA GOTAS 30 ML,Otros,imagenesmedimentos/genericas/otros.svg
prod-00098,NEOSALDINA 4 GRAGEAS,Otros,imagenesmedimentos/genericas/otros.svg
prod-00095,GELIMED PLUS HMB,Otros,imagenesmedimentos/genericas/otros.svg
prod-00094,GELIMED 10 G,Otros,imagenesmedimentos/genericas/otros.svg
prod-00093,NEURO BION 30 TABLETAS,Otros,imagenesmedimentos/genericas/otros.svg
prod-00091,ACIDO FUSIDICO 2% MK,Otros,imagenesmedimentos/genericas/otros.svg
prod-00090,GELCLAIR GEL ORAL CONCENTRADO,Otros,imagenesmedimentos/genericas/otros.svg
prod-00089,TRAMADOL 100 MG GOTAS 10 ML,Otros,imagenesmedimentos/genericas/otros.svg
prod-00085,GAVISCON DOBLE ACCION,Otros,imagenesmedimentos/genericas/otros.svg
prod-00084,CREMA ANTIHEMORROIDAL MAX FORT,Cuidado personal,imagenesmedimentos/genericas/cuidado-personal.svg
prod-00082,MUCOSINA SUSPENSION 120 ML,Otros,imagenesmedimentos/genericas/otros.svg
prod-00078,HIALTEARS LUBRICANTE OCULAR 5M,Otros,imagenesmedimentos/genericas/otros.svg
prod-00076,TAMSULON DUO 30 CAPSULAS,Otros,imagenesmedimentos/genericas/otros.svg
prod-00075,ZAMBON MONURIL 3 G GRANULADO,Otros,imagenesmedimentos/genericas/otros.svg
prod-00074,B VIT HT 1 JERINGA,Otros,imagenesmedimentos/genericas/otros.svg
prod-00072,TENSOFAR LOSARTAN 50 MG,Adulto mayor,imagenesmedimentos/losartan50mg.png
prod-00069,EVALAX POLVO 250 G,Otros,imagenesmedimentos/genericas/otros.svg
prod-00066,WASSERTROL GOTAS OFT 5 ML,Otros,imagenesmedimentos/genericas/otros.svg
prod-00064,BACIPREX 250 MG POLVO,Otros,imagenesmedimentos/genericas/otros.svg
prod-00063,BACIPREX 500MG AMOXICILINA,Antibióticos,imagenesmedimentos/amoxicilina500mg.jpg
prod-00061,AFELEX 500 MG,Otros,imagenesmedimentos/genericas/otros.svg
prod-00060,ACNIBEN 300 MG,Otros,imagenesmedimentos/genericas/otros.svg
prod-00059,ADVIL ULTRA 4 CAPSULAS,Analgésicos,imagenesmedimentos/advil.jpg
prod-00058,ADVIL LIQUID ESPALDA Y CUELLO,Analgésicos,imagenesmedimentos/advil.jpg
prod-00057,DEXAMETASONA FOSFATO 8 MG/2ML ,Otros,imagenesmedimentos/genericas/otros.svg
prod-00055,ALCOHOL ALCOMAX 350 ML,Otros,imagenesmedimentos/genericas/otros.svg
prod-00054,ALCOHOL ALCOMAX 700 ML,Otros,imagenesmedimentos/genericas/otros.svg
prod-00053,APRONAX LIQUID GELS 275MG,Otros,imagenesmedimentos/genericas/otros.svg
prod-00051,PEDIALYTE ACTIVE FRESA 500 ML,Bebidas,imagenesmedimentos/pedialyte.png
prod-00048,CRONOFEN L JARABE 100 ML,Otros,imagenesmedimentos/genericas/otros.svg
prod-00047,CRONOFEN GOTAS 30 ML,Otros,imagenesmedimentos/genericas/otros.svg
prod-00043,NAPROXENO 250 MG,Antiinflamatorios,imagenesmedimentos/naproxeno500mg.png
prod-00042,NAPROXENO 500 MG,Antiinflamatorios,imagenesmedimentos/naproxeno500mg.png
prod-00041,ENSURE ADVANCE VAINILLA 220 ML,Otros,imagenesmedimentos/genericas/otros.svg
prod-00039,ASPIRINA EFERVESCENTE CAJA 12 ,Analgésicos,imagenesmedimentos/aspirina500mg.png
prod-00038,ASPIRINA EFERVESCENTE,Analgésicos,imagenesmedimentos/aspirina500mg.png
prod-00037,TREDA DIOSMECTITA 3 G,Otros,imagenesmedimentos/diosmectita.png
prod-00036,ADVIL CHILDREN JARABE 100 ML,Analgésicos,imagenesmedimentos/advil.jpg
prod-00035,ADVIL CHILDREN JARABE 60 ML,Analgésicos,imagenesmedimentos/advil.jpg
prod-00034,ACETAMINOFEN JARABE 100 ML,Analgésicos,imagenesmedimentos/Acetaminofen500mg.png
prod-00031,CONGESTEX KIDS JARABE 90 ML,Otros,imagenesmedimentos/genericas/otros.svg
prod-00030,CATALAC ACETAMINOFEN 500 MG,Analgésicos,imagenesmedimentos/Acetaminofen500mg.png
prod-00029,PAÑITOS PEQUEÑIN  24 PAÑITOS,Otros,imagenesmedimentos/genericas/otros.svg
prod-00028,PAÑITOS PEQUEÑIN  70 PAÑITOS,Otros,imagenesmedimentos/genericas/otros.svg
prod-00027,BISOLVON ADULTOS  120 ML,Otros,imagenesmedimentos/genericas/otros.svg
prod-00026,FLEXIMAX NAP 14 TABLETAS  CAJA,Otros,imagenesmedimentos/genericas/otros.svg
prod-00025,ECLOSYNT INHALADOR  50 MCG,Otros,imagenesmedimentos/genericas/otros.svg
prod-00024,SACRUSYT SALBUTAMOL INHALADOR ,Otros,imagenesmedimentos/salbutamol100mcg.png
prod-00023,DEPO- PROVERA INYECTABLE  150 ,Otros,imagenesmedimentos/genericas/otros.svg
prod-00022,MIEL DE ROSAS UNGÜENTO  30 CC,Otros,imagenesmedimentos/genericas/otros.svg
prod-00019,GLICERINA CARBONATADA GOTAS  3,Otros,imagenesmedimentos/genericas/otros.svg
prod-00018,PIEDRA ALUMBRE UNGÜENTO  25 G,Otros,imagenesmedimentos/genericas/otros.svg
prod-00017,VAGINCORT CREMA  20 G,Cuidado personal,imagenesmedimentos/genericas/cuidado-personal.svg
prod-00016,VAGINSOL F CREMA  20 G,Cuidado personal,imagenesmedimentos/genericas/cuidado-personal.svg
prod-00015,VAGINSOL F OVULOS  3 OVULOS,Otros,imagenesmedimentos/genericas/otros.svg
prod-00014,COGESTEX KIDS JARABE  90 ML,Otros,imagenesmedimentos/genericas/otros.svg
prod-00013,ECLOSYNT INHALADOR  250 MCG X ,Otros,imagenesmedimentos/genericas/otros.svg
prod-00012,VERDE GALEZ POMADA  23 G,Otros,imagenesmedimentos/genericas/otros.svg
prod-00011,BISOLVON MAX JARABE  120 ML  T,Otros,imagenesmedimentos/genericas/otros.svg
prod-00009,BEDOYECTA INYECTABLE  3 USOS,Otros,imagenesmedimentos/genericas/otros.svg
prod-00008,BEDOYECTA INYECTABLE  1 USO,Otros,imagenesmedimentos/genericas/otros.svg
prod-00003,PROVERA TABLETAS  10 MG,Otros,imagenesmedimentos/genericas/otros.svg
prod-00002,PROVERA TABLETAS  5 MG,Otros,imagenesmedimentos/genericas/otros.svg
