"id","nombre","categoria","imagen_actual","imagen_real"
"prod-00868","ENALAPRIL MALEATO 5MG BLISTER","Adulto mayor","imagenesmedimentos/enalapril20mg.jpg","https://placehold.co/400x400/e8edf3/0b1f3a?text=Medicamento%20prod-00868"
"prod-00432","LOSARTAN 50MG EXPOFARMA 30CAPS","Adulto mayor","imagenesmedimentos/losartan50mg.png","https://placehold.co/400x400/e8edf3/0b1f3a?text=Medicamento%20prod-00432"
"prod-00433","ACETAMINOFEN 150MG JARABE 120M","Analgésicos","imagenesmedimentos/Acetaminofen500mg.png","https://placehold.co/400x400/e8edf3/0b1f3a?text=Medicamento%20prod-00433"
"prod-00896","ACETAMINOFEN 500MG+CAFEINA 65M","Analgésicos","imagenesmedimentos/Acetaminofen500mg.png","https://placehold.co/400x400/e8edf3/0b1f3a?text=Medicamento%20prod-00896"
"prod-00422","ACETAMINOFEN/CODEINA AG 30MG","Analgésicos","imagenesmedimentos/Acetaminofen500mg.png","https://placehold.co/400x400/e8edf3/0b1f3a?text=Medicamento%20prod-00422"
"prod-00119","CARDIOASPIRINA 100 MG 30 TABLE","Analgésicos","imagenesmedimentos/aspirina500mg.png","https://placehold.co/400x400/e8edf3/0b1f3a?text=Medicamento%20prod-00119"
"prod-00124","CARDIOASPIRINA 81 MG 30 TABLET","Analgésicos","imagenesmedimentos/aspirina500mg.png","https://placehold.co/400x400/e8edf3/0b1f3a?text=Medicamento%20prod-00124"
"prod-00046","DOLEX JARABE NIÑOS 2+","Analgésicos","imagenesmedimentos/dolex.jpg","https://placehold.co/400x400/e8edf3/0b1f3a?text=Medicamento%20prod-00046"
"prod-00045","DOLEX JARABE NIÑOS 7+","Analgésicos","imagenesmedimentos/dolex.jpg","https://placehold.co/400x400/e8edf3/0b1f3a?text=Medicamento%20prod-00045"
"prod-00581","DOLEX TABLETAS MASTICABLES 2+","Analgésicos","imagenesmedimentos/dolex.jpg","https://placehold.co/400x400/e8edf3/0b1f3a?text=Medicamento%20prod-00581"
"prod-00329","HIOSCINA + DIPIRONA 20MG AMPOL","Analgésicos","imagenesmedimentos/buscapnacompositum.jpg","https://placehold.co/400x400/e8edf3/0b1f3a?text=Medicamento%20prod-00329"
"prod-00244","AMOXICILINA 100ML SUSPENS AG","Antibióticos","imagenesmedimentos/amoxicilina500mg.jpg","https://placehold.co/400x400/e8edf3/0b1f3a?text=Medicamento%20prod-00244"
"prod-00490","AMOXICILINA 250MG SUSPENSION G","Antibióticos","imagenesmedimentos/amoxicilina500mg.jpg","https://placehold.co/400x400/e8edf3/0b1f3a?text=Medicamento%20prod-00490"
"prod-00245","AMOXICILINA 500MG AG","Antibióticos","imagenesmedimentos/amoxicilina500mg.jpg","https://placehold.co/400x400/e8edf3/0b1f3a?text=Medicamento%20prod-00245"
"prod-00516","AMOXICILINA POLVO 100ML LA SAN","Antibióticos","imagenesmedimentos/amoxicilina500mg.jpg","https://placehold.co/400x400/e8edf3/0b1f3a?text=Medicamento%20prod-00516"
"prod-00517","AMOXICILINA POLVO 45ML LA SANT","Antibióticos","imagenesmedimentos/amoxicilina500mg.jpg","https://placehold.co/400x400/e8edf3/0b1f3a?text=Medicamento%20prod-00517"
"prod-00233","AMOXIDAL DUO 14 COMPRIMIDOS","Antibióticos","imagenesmedimentos/amoxicilina500mg.jpg","https://placehold.co/400x400/e8edf3/0b1f3a?text=Medicamento%20prod-00233"
"prod-00232","AMOXIDAL DUO SUSPENSION 120ML","Antibióticos","imagenesmedimentos/amoxicilina500mg.jpg","https://placehold.co/400x400/e8edf3/0b1f3a?text=Medicamento%20prod-00232"
"prod-00518","AZITROMICINA 15ML POLVO LA SAN","Antibióticos","imagenesmedimentos/genericas/productos/prod-00518.svg","https://placehold.co/400x400/e8edf3/0b1f3a?text=Medicamento%20prod-00518"
"prod-00246","AZITROMICINA 500MG AG","Antibióticos","imagenesmedimentos/genericas/productos/prod-00246.svg","https://placehold.co/400x400/e8edf3/0b1f3a?text=Medicamento%20prod-00246"
"prod-00248","CEFALEXINA 250 MG SUSPENSION","Antibióticos","imagenesmedimentos/cefalexina500mg.png","https://placehold.co/400x400/e8edf3/0b1f3a?text=Medicamento%20prod-00248"
"prod-00065","CEFALEXINA 500 MG AG TABLETAS","Antibióticos","imagenesmedimentos/cefalexina500mg.png","https://placehold.co/400x400/e8edf3/0b1f3a?text=Medicamento%20prod-00065"
"prod-00080","PROCATEC CIPROFLOXACINA 500 MG","Antibióticos","imagenesmedimentos/genericas/productos/prod-00080.svg","https://placehold.co/400x400/e8edf3/0b1f3a?text=Medicamento%20prod-00080"
"prod-00496","ADVIL GRIPA MAX 2 CAPSULAS","Antigripales","imagenesmedimentos/advil.jpg","https://placehold.co/400x400/e8edf3/0b1f3a?text=Medicamento%20prod-00496"
"prod-00135","ALGODON MOTOCITOS 100G","Antigripales","imagenesmedimentos/genericas/productos/prod-00135.svg","https://placehold.co/400x400/e8edf3/0b1f3a?text=Medicamento%20prod-00135"
"prod-00133","ALGODON MOTOCITOS 25G","Antigripales","imagenesmedimentos/genericas/productos/prod-00133.svg","https://placehold.co/400x400/e8edf3/0b1f3a?text=Medicamento%20prod-00133"
"prod-00134","ALGODON MOTOCITOS 50G","Antigripales","imagenesmedimentos/genericas/productos/prod-00134.svg","https://placehold.co/400x400/e8edf3/0b1f3a?text=Medicamento%20prod-00134"
"prod-00429","BLOQUEADOR SUNDARK ADULTOS SOB","Antigripales","imagenesmedimentos/genericas/productos/prod-00429.svg","https://placehold.co/400x400/e8edf3/0b1f3a?text=Medicamento%20prod-00429"
"prod-00526","DESLORATADINA 5MG 10 TB LAPROF","Antigripales","imagenesmedimentos/loratadina10mg.png","https://placehold.co/400x400/e8edf3/0b1f3a?text=Medicamento%20prod-00526"
"prod-00492","DESLORATADINA 5MG GENFAR 10T","Antigripales","imagenesmedimentos/loratadina10mg.png","https://placehold.co/400x400/e8edf3/0b1f3a?text=Medicamento%20prod-00492"
"prod-00521","DESLORATADINA 60ML JARABE LA S","Antigripales","imagenesmedimentos/loratadina10mg.png","https://placehold.co/400x400/e8edf3/0b1f3a?text=Medicamento%20prod-00521"
"prod-00515","DESLORATADINA JARABE ECAR 60ML","Antigripales","imagenesmedimentos/loratadina10mg.png","https://placehold.co/400x400/e8edf3/0b1f3a?text=Medicamento%20prod-00515"
"prod-00533","DESLORATADINA KIDS 60ML MEMPHI","Antigripales","imagenesmedimentos/loratadina10mg.png","https://placehold.co/400x400/e8edf3/0b1f3a?text=Medicamento%20prod-00533"
"prod-00285","DOLEX GRIPA","Antigripales","imagenesmedimentos/dolex.jpg","https://placehold.co/400x400/e8edf3/0b1f3a?text=Medicamento%20prod-00285"
"prod-00511","LORATADINA 10MG AG 20 TABLETAS","Antigripales","imagenesmedimentos/loratadina10mg.png","https://placehold.co/400x400/e8edf3/0b1f3a?text=Medicamento%20prod-00511"
"prod-00494","LORATADINA JARABE 100ML GENFAR","Antigripales","imagenesmedimentos/loratadina10mg.png","https://placehold.co/400x400/e8edf3/0b1f3a?text=Medicamento%20prod-00494"
"prod-00530","LORATADINA JARABE 100ML LAPROF","Antigripales","imagenesmedimentos/loratadina10mg.png","https://placehold.co/400x400/e8edf3/0b1f3a?text=Medicamento%20prod-00530"
"prod-00295","MIELTERTOS NIÑOS JARABE 180ML","Antigripales","imagenesmedimentos/genericas/productos/prod-00295.svg","https://placehold.co/400x400/e8edf3/0b1f3a?text=Medicamento%20prod-00295"
"prod-00126","NOXPIRIN DIA MANDARINA 15G","Antigripales","imagenesmedimentos/nospirina.jpg","https://placehold.co/400x400/e8edf3/0b1f3a?text=Medicamento%20prod-00126"
"prod-00127","NOXPIRIN JUNIOR JARABE 120ML","Antigripales","imagenesmedimentos/nospirina.jpg","https://placehold.co/400x400/e8edf3/0b1f3a?text=Medicamento%20prod-00127"
"prod-00032","NOXPIRIN NOCHE PANELA-LIMON","Antigripales","imagenesmedimentos/nospirina.jpg","https://placehold.co/400x400/e8edf3/0b1f3a?text=Medicamento%20prod-00032"
"prod-00357","PAÑITOS HUMEDOS TITOS X100","Antigripales","imagenesmedimentos/genericas/productos/prod-00357.svg","https://placehold.co/400x400/e8edf3/0b1f3a?text=Medicamento%20prod-00357"
"prod-00366","REPELENTE MOSQUITOS OUT 60ML","Antigripales","imagenesmedimentos/genericas/productos/prod-00366.svg","https://placehold.co/400x400/e8edf3/0b1f3a?text=Medicamento%20prod-00366"
"prod-00367","REPELENTE MOSQUITOS OUT 65G","Antigripales","imagenesmedimentos/genericas/productos/prod-00367.svg","https://placehold.co/400x400/e8edf3/0b1f3a?text=Medicamento%20prod-00367"
"prod-00007","VICK 44 EXPECTORANTE ADULTOS J","Antigripales","imagenesmedimentos/genericas/productos/prod-00007.svg","https://placehold.co/400x400/e8edf3/0b1f3a?text=Medicamento%20prod-00007"
"prod-00100","DICLOFENACO 75 MG AMPOLLAS","Antiinflamatorios","imagenesmedimentos/diclofenacogel.png","https://placehold.co/400x400/e8edf3/0b1f3a?text=Medicamento%20prod-00100"
"prod-00110","DORMEX DICLOFENACO 100 MG","Antiinflamatorios","imagenesmedimentos/diclofenacogel.png","https://placehold.co/400x400/e8edf3/0b1f3a?text=Medicamento%20prod-00110"
"prod-00554","IBUPROFENO 100MG SUSP MK","Antiinflamatorios","imagenesmedimentos/Ibuprofeno800mg.png","https://placehold.co/400x400/e8edf3/0b1f3a?text=Medicamento%20prod-00554"
"prod-00493","IBUPROFENO SUSPEN GENFAR 120ML","Antiinflamatorios","imagenesmedimentos/Ibuprofeno800mg.png","https://placehold.co/400x400/e8edf3/0b1f3a?text=Medicamento%20prod-00493"
"prod-00523","MELOXICAM 15MG 10 TABLE LA SAN","Antiinflamatorios","imagenesmedimentos/genericas/productos/prod-00523.svg","https://placehold.co/400x400/e8edf3/0b1f3a?text=Medicamento%20prod-00523"
"prod-00332","MELOXICAM 15MG AMPOLLA","Antiinflamatorios","imagenesmedimentos/genericas/productos/prod-00332.svg","https://placehold.co/400x400/e8edf3/0b1f3a?text=Medicamento%20prod-00332"
"prod-00891","NAPROXENO 500MG LAPROFF","Antiinflamatorios","imagenesmedimentos/naproxeno500mg.png","https://placehold.co/400x400/e8edf3/0b1f3a?text=Medicamento%20prod-00891"
"prod-00892","PIROXICAM 20MG 10 CAPSULAS","Antiinflamatorios","imagenesmedimentos/genericas/productos/prod-00892.svg","https://placehold.co/400x400/e8edf3/0b1f3a?text=Medicamento%20prod-00892"
"prod-00284","DOLEX BEBES JARABE 60ML","Bebés","imagenesmedimentos/dolex.jpg","https://placehold.co/400x400/e8edf3/0b1f3a?text=Medicamento%20prod-00284"
"prod-00821","PAÑA WINNY PANTS ETAPA 5 X30","Bebés","imagenesmedimentos/pañaleswinny.jpg","https://placehold.co/400x400/e8edf3/0b1f3a?text=Medicamento%20prod-00821"
"prod-00359","PAÑALES WINNY ETAPA 2 X30","Bebés","imagenesmedimentos/pañaleshuggies.jpg","https://placehold.co/400x400/e8edf3/0b1f3a?text=Medicamento%20prod-00359"
"prod-00360","PAÑALES WINNY ETAPA 3 X30","Bebés","imagenesmedimentos/pañaleshuggies.jpg","https://placehold.co/400x400/e8edf3/0b1f3a?text=Medicamento%20prod-00360"
"prod-00358","PAÑALES WINNY ETAPA1 X30","Bebés","imagenesmedimentos/pañaleshuggies.jpg","https://placehold.co/400x400/e8edf3/0b1f3a?text=Medicamento%20prod-00358"
"prod-00824","PAÑALES WINNY SENSITIVE ETA 1","Bebés","imagenesmedimentos/pañaleshuggies.jpg","https://placehold.co/400x400/e8edf3/0b1f3a?text=Medicamento%20prod-00824"
"prod-00823","SIMILAC MAMA 400G","Bebés","imagenesmedimentos/similac1.jpg","https://placehold.co/400x400/e8edf3/0b1f3a?text=Medicamento%20prod-00823"
"prod-00253","AMITRIPTILINA CLORHIDRATO 25MG","Bebidas","imagenesmedimentos/genericas/productos/prod-00253.svg","https://placehold.co/400x400/e8edf3/0b1f3a?text=Medicamento%20prod-00253"
"prod-00120","ELECTROLIT HIDRATANTE FRESA","Bebidas","imagenesmedimentos/electrolit.png","https://placehold.co/400x400/e8edf3/0b1f3a?text=Medicamento%20prod-00120"
"prod-00122","ELECTROLIT HIDRATANTE MARACUYA","Bebidas","imagenesmedimentos/electrolit.png","https://placehold.co/400x400/e8edf3/0b1f3a?text=Medicamento%20prod-00122"
"prod-00121","ELECTROLIT HIDRATANTE UVA","Bebidas","imagenesmedimentos/electrolit.png","https://placehold.co/400x400/e8edf3/0b1f3a?text=Medicamento%20prod-00121"
"prod-00640","ELECTROLIT SABOR NARANJA-MANDA","Bebidas","imagenesmedimentos/electrolit.png","https://placehold.co/400x400/e8edf3/0b1f3a?text=Medicamento%20prod-00640"
"prod-00050","PEDIALYTE MAX MANZANA 500 ML","Bebidas","imagenesmedimentos/pedialyte.png","https://placehold.co/400x400/e8edf3/0b1f3a?text=Medicamento%20prod-00050"
"prod-00657","SHAMPOO DOVE HIDRATACION 370ML","Bebidas","imagenesmedimentos/genericas/productos/prod-00657.svg","https://placehold.co/400x400/e8edf3/0b1f3a?text=Medicamento%20prod-00657"
"prod-00565","SUERO FISIOLOGICO GOTAS 30ML","Bebidas","imagenesmedimentos/genericas/productos/prod-00565.svg","https://placehold.co/400x400/e8edf3/0b1f3a?text=Medicamento%20prod-00565"
"prod-00624","SUERO SOLHIDREX CEREZA SOBRE","Bebidas","imagenesmedimentos/genericas/productos/prod-00624.svg","https://placehold.co/400x400/e8edf3/0b1f3a?text=Medicamento%20prod-00624"
"prod-00623","SUERO SOLHIDREX UVA SOBRE","Bebidas","imagenesmedimentos/genericas/productos/prod-00623.svg","https://placehold.co/400x400/e8edf3/0b1f3a?text=Medicamento%20prod-00623"
"prod-00562","SUEROX SABOR A HIERBABUENA","Bebidas","imagenesmedimentos/genericas/productos/prod-00562.svg","https://placehold.co/400x400/e8edf3/0b1f3a?text=Medicamento%20prod-00562"
"prod-00561","SUEROX SABOR A UVA 630ML","Bebidas","imagenesmedimentos/genericas/productos/prod-00561.svg","https://placehold.co/400x400/e8edf3/0b1f3a?text=Medicamento%20prod-00561"
"prod-00394","TRAMADOL CLORHIDRATO ACETAMINO","Bebidas","imagenesmedimentos/genericas/productos/prod-00394.svg","https://placehold.co/400x400/e8edf3/0b1f3a?text=Medicamento%20prod-00394"
"prod-00305","TRAZODONA CLORHIDRATO 50MG","Bebidas","imagenesmedimentos/genericas/productos/prod-00305.svg","https://placehold.co/400x400/e8edf3/0b1f3a?text=Medicamento%20prod-00305"
"prod-00264","ACICLOVIR CREMA 5% MK 10G","Cuidado personal","imagenesmedimentos/genericas/productos/prod-00264.svg","https://placehold.co/400x400/e8edf3/0b1f3a?text=Medicamento%20prod-00264"
"prod-00434","ACIDO FUSIDICO CREMA 2% LAPROF","Cuidado personal","imagenesmedimentos/genericas/productos/prod-00434.svg","https://placehold.co/400x400/e8edf3/0b1f3a?text=Medicamento%20prod-00434"
"prod-00087","ACIDO FUSIDICO CREMA AL 2%","Cuidado personal","imagenesmedimentos/genericas/productos/prod-00087.svg","https://placehold.co/400x400/e8edf3/0b1f3a?text=Medicamento%20prod-00087"
"prod-00148","BAYCUTEN CREMA 20G","Cuidado personal","imagenesmedimentos/genericas/productos/prod-00148.svg","https://placehold.co/400x400/e8edf3/0b1f3a?text=Medicamento%20prod-00148"
"prod-00147","BAYCUTEN N CREMA 35G","Cuidado personal","imagenesmedimentos/genericas/productos/prod-00147.svg","https://placehold.co/400x400/e8edf3/0b1f3a?text=Medicamento%20prod-00147"
"prod-00262","BENLIC CREMA TOPICA 20G","Cuidado personal","imagenesmedimentos/genericas/productos/prod-00262.svg","https://placehold.co/400x400/e8edf3/0b1f3a?text=Medicamento%20prod-00262"
"prod-00263","BENLIC CREMA TOPICA 40G","Cuidado personal","imagenesmedimentos/genericas/productos/prod-00263.svg","https://placehold.co/400x400/e8edf3/0b1f3a?text=Medicamento%20prod-00263"
"prod-00247","BETAMETASONA 0.1% CREMA 20G","Cuidado personal","imagenesmedimentos/genericas/productos/prod-00247.svg","https://placehold.co/400x400/e8edf3/0b1f3a?text=Medicamento%20prod-00247"
"prod-00088","BETAMETASONA CREMA AL 0.05%","Cuidado personal","imagenesmedimentos/genericas/productos/prod-00088.svg","https://placehold.co/400x400/e8edf3/0b1f3a?text=Medicamento%20prod-00088"
"prod-00267","BLANKISIMA CREMA 60G","Cuidado personal","imagenesmedimentos/genericas/productos/prod-00267.svg","https://placehold.co/400x400/e8edf3/0b1f3a?text=Medicamento%20prod-00267"
"prod-00165","CEPILLO COLGATE TRIPLE ACCION","Cuidado personal","imagenesmedimentos/colgatetripleaccion.jpg","https://placehold.co/400x400/e8edf3/0b1f3a?text=Medicamento%20prod-00165"
"prod-00395","CICATRICURE GEL 30G CICATRICES","Cuidado personal","imagenesmedimentos/genericas/productos/prod-00395.svg","https://placehold.co/400x400/e8edf3/0b1f3a?text=Medicamento%20prod-00395"
"prod-00249","CLOBETASOL PROPI CREMA AG","Cuidado personal","imagenesmedimentos/genericas/productos/prod-00249.svg","https://placehold.co/400x400/e8edf3/0b1f3a?text=Medicamento%20prod-00249"
"prod-00591","CLOBETASOL PROPINATO CREMA LAP","Cuidado personal","imagenesmedimentos/genericas/productos/prod-00591.svg","https://placehold.co/400x400/e8edf3/0b1f3a?text=Medicamento%20prod-00591"
"prod-00250","CLOTRIMAZOL CREMA VAGIN 1% AG","Cuidado personal","imagenesmedimentos/genericas/productos/prod-00250.svg","https://placehold.co/400x400/e8edf3/0b1f3a?text=Medicamento%20prod-00250"
"prod-00902","CREMA #4 MEDICADA 30G","Cuidado personal","imagenesmedimentos/genericas/productos/prod-00902.svg","https://placehold.co/400x400/e8edf3/0b1f3a?text=Medicamento%20prod-00902"
"prod-00597","CREMA #4 NATURAL 20G","Cuidado personal","imagenesmedimentos/genericas/productos/prod-00597.svg","https://placehold.co/400x400/e8edf3/0b1f3a?text=Medicamento%20prod-00597"
"prod-00363","CREMA #4 ORIGINAL 20G","Cuidado personal","imagenesmedimentos/genericas/productos/prod-00363.svg","https://placehold.co/400x400/e8edf3/0b1f3a?text=Medicamento%20prod-00363"
"prod-00588","CREMA CALENDULA 30G CHENIER","Cuidado personal","imagenesmedimentos/genericas/productos/prod-00588.svg","https://placehold.co/400x400/e8edf3/0b1f3a?text=Medicamento%20prod-00588"
"prod-00167","CREMA COLGATE SENSITIVE PRO AL","Cuidado personal","imagenesmedimentos/colgatetripleaccion.jpg","https://placehold.co/400x400/e8edf3/0b1f3a?text=Medicamento%20prod-00167"
"prod-00169","CREMA COLGATE TOTAL WHITENING","Cuidado personal","imagenesmedimentos/colgatetripleaccion.jpg","https://placehold.co/400x400/e8edf3/0b1f3a?text=Medicamento%20prod-00169"
"prod-00585","CREMA DE ARNICA 60G FRESHLY","Cuidado personal","imagenesmedimentos/genericas/productos/prod-00585.svg","https://placehold.co/400x400/e8edf3/0b1f3a?text=Medicamento%20prod-00585"
"prod-00586","CREMA DE CALENDULA 60G FRESHLY","Cuidado personal","imagenesmedimentos/genericas/productos/prod-00586.svg","https://placehold.co/400x400/e8edf3/0b1f3a?text=Medicamento%20prod-00586"
"prod-00595","CREMA DE CALENDULA PILI 30G","Cuidado personal","imagenesmedimentos/genericas/productos/prod-00595.svg","https://placehold.co/400x400/e8edf3/0b1f3a?text=Medicamento%20prod-00595"
"prod-00539","CREMA DENTAL PROQUIDENT 95G","Cuidado personal","imagenesmedimentos/genericas/productos/prod-00539.svg","https://placehold.co/400x400/e8edf3/0b1f3a?text=Medicamento%20prod-00539"
"prod-00514","CREMA DENTAL VITIS ENCIAS 100M","Cuidado personal","imagenesmedimentos/genericas/productos/prod-00514.svg","https://placehold.co/400x400/e8edf3/0b1f3a?text=Medicamento%20prod-00514"
"prod-00385","CREMA NIVEA CUIDADO FACIL 7 - 100ML","Cuidado personal","imagenesmedimentos/genericas/productos/prod-00385.svg","https://placehold.co/400x400/e8edf3/0b1f3a?text=Medicamento%20prod-00385"
"prod-00382","CREMA NIVEA MILK NUTRITIVA 400","Cuidado personal","imagenesmedimentos/genericas/productos/prod-00382.svg","https://placehold.co/400x400/e8edf3/0b1f3a?text=Medicamento%20prod-00382"
"prod-00757","CREMA PEINAR CAIDA RESIST ELVI","Cuidado personal","imagenesmedimentos/genericas/productos/prod-00757.svg","https://placehold.co/400x400/e8edf3/0b1f3a?text=Medicamento%20prod-00757"
"prod-00188","CREMA PONDS CLARANT B3 45G","Cuidado personal","imagenesmedimentos/genericas/productos/prod-00188.svg","https://placehold.co/400x400/e8edf3/0b1f3a?text=Medicamento%20prod-00188"
"prod-00560","CREMA PONDS CLARANT B3 50G","Cuidado personal","imagenesmedimentos/genericas/productos/prod-00560.svg","https://placehold.co/400x400/e8edf3/0b1f3a?text=Medicamento%20prod-00560"
"prod-00879","CREMA PONDS NUTRITIVA 200G","Cuidado personal","imagenesmedimentos/genericas/productos/prod-00879.svg","https://placehold.co/400x400/e8edf3/0b1f3a?text=Medicamento%20prod-00879"
"prod-00880","CREMA PONDS NUTRITIVA 50G","Cuidado personal","imagenesmedimentos/genericas/productos/prod-00880.svg","https://placehold.co/400x400/e8edf3/0b1f3a?text=Medicamento%20prod-00880"
"prod-00189","CREMA PONDS REJUVENESS 50G","Cuidado personal","imagenesmedimentos/genericas/productos/prod-00189.svg","https://placehold.co/400x400/e8edf3/0b1f3a?text=Medicamento%20prod-00189"
"prod-00878","CREMA PONDS VERDE PEPINO 50G","Cuidado personal","imagenesmedimentos/genericas/productos/prod-00878.svg","https://placehold.co/400x400/e8edf3/0b1f3a?text=Medicamento%20prod-00878"
"prod-00578","CREMA PROTECTORA ARRURRU 25G","Cuidado personal","imagenesmedimentos/genericas/productos/prod-00578.svg","https://placehold.co/400x400/e8edf3/0b1f3a?text=Medicamento%20prod-00578"
"prod-00006","DERMASKIN CREMA 20 G","Cuidado personal","imagenesmedimentos/genericas/productos/prod-00006.svg","https://placehold.co/400x400/e8edf3/0b1f3a?text=Medicamento%20prod-00006"
"prod-00750","DERMASKIN CREMA 40G","Cuidado personal","imagenesmedimentos/genericas/productos/prod-00750.svg","https://placehold.co/400x400/e8edf3/0b1f3a?text=Medicamento%20prod-00750"
"prod-00344","DESODORANTE BALANCE MEN 30G","Cuidado personal","imagenesmedimentos/desoderantegillette82gx2.png","https://placehold.co/400x400/e8edf3/0b1f3a?text=Medicamento%20prod-00344"
"prod-00501","DESODORANTE BALANCE MEN 50G","Cuidado personal","imagenesmedimentos/desoderantegillette82gx2.png","https://placehold.co/400x400/e8edf3/0b1f3a?text=Medicamento%20prod-00501"
"prod-00343","DESODORANTE BALANCE WOMEN 30G","Cuidado personal","imagenesmedimentos/desoderantegillette82gx2.png","https://placehold.co/400x400/e8edf3/0b1f3a?text=Medicamento%20prod-00343"
"prod-00500","DESODORANTE BALANCE WOMEN 50G","Cuidado personal","imagenesmedimentos/desoderantegillette82gx2.png","https://placehold.co/400x400/e8edf3/0b1f3a?text=Medicamento%20prod-00500"
"prod-00786","DESODORANTE DOVE SPRAY 150ML","Cuidado personal","imagenesmedimentos/desoderantegillette82gx2.png","https://placehold.co/400x400/e8edf3/0b1f3a?text=Medicamento%20prod-00786"
"prod-00472","DESODORANTE NIVEA ACLARANTE","Cuidado personal","imagenesmedimentos/desoderantegillette82gx2.png","https://placehold.co/400x400/e8edf3/0b1f3a?text=Medicamento%20prod-00472"
"prod-00473","DESODORANTE NIVEA MIRACLE SWEE","Cuidado personal","imagenesmedimentos/desoderantegillette82gx2.png","https://placehold.co/400x400/e8edf3/0b1f3a?text=Medicamento%20prod-00473"
"prod-00174","DESODORANTE REXONA CLINICAL","Cuidado personal","imagenesmedimentos/desoderantegillette82gx2.png","https://placehold.co/400x400/e8edf3/0b1f3a?text=Medicamento%20prod-00174"
"prod-00175","DESODORANTE REXONA ROLON HOMBR","Cuidado personal","imagenesmedimentos/desoderantegillette82gx2.png","https://placehold.co/400x400/e8edf3/0b1f3a?text=Medicamento%20prod-00175"
"prod-00102","DICLOFENACO GEL TOPICO 1%","Cuidado personal","imagenesmedimentos/diclofenacogel.png","https://placehold.co/400x400/e8edf3/0b1f3a?text=Medicamento%20prod-00102"
"prod-00044","DOLEX ACTIV GEL 10 CAPS","Cuidado personal","imagenesmedimentos/dolex.jpg","https://placehold.co/400x400/e8edf3/0b1f3a?text=Medicamento%20prod-00044"
"prod-00474","GEL LUBRICANTE DUO PURE 75ML","Cuidado personal","imagenesmedimentos/genericas/productos/prod-00474.svg","https://placehold.co/400x400/e8edf3/0b1f3a?text=Medicamento%20prod-00474"
"prod-00885","GELILAB ADVANCE UVA PHARBIOLAB","Cuidado personal","imagenesmedimentos/genericas/productos/prod-00885.svg","https://placehold.co/400x400/e8edf3/0b1f3a?text=Medicamento%20prod-00885"
"prod-00212","GELPIN FAST 4 TABLETAS","Cuidado personal","imagenesmedimentos/genericas/productos/prod-00212.svg","https://placehold.co/400x400/e8edf3/0b1f3a?text=Medicamento%20prod-00212"
"prod-00298","HIDROCORTISONA CREMA 1% AG 15G","Cuidado personal","imagenesmedimentos/hidrocortisonacrema.png","https://placehold.co/400x400/e8edf3/0b1f3a?text=Medicamento%20prod-00298"
"prod-00396","JABON ASEPXIA AZUFRE 100G","Cuidado personal","imagenesmedimentos/genericas/productos/prod-00396.svg","https://placehold.co/400x400/e8edf3/0b1f3a?text=Medicamento%20prod-00396"
"prod-00397","JABON ASEPXIA BICARBONATO 100G","Cuidado personal","imagenesmedimentos/genericas/productos/prod-00397.svg","https://placehold.co/400x400/e8edf3/0b1f3a?text=Medicamento%20prod-00397"
"prod-00398","JABON ASEPXIA ESPONJA 80G","Cuidado personal","imagenesmedimentos/genericas/productos/prod-00398.svg","https://placehold.co/400x400/e8edf3/0b1f3a?text=Medicamento%20prod-00398"
"prod-00399","JABON ASEPXIA EXFOLIANTE 100G","Cuidado personal","imagenesmedimentos/genericas/productos/prod-00399.svg","https://placehold.co/400x400/e8edf3/0b1f3a?text=Medicamento%20prod-00399"
"prod-00658","JABON BABY DOVE 400ML HIPOALER","Cuidado personal","imagenesmedimentos/genericas/productos/prod-00658.svg","https://placehold.co/400x400/e8edf3/0b1f3a?text=Medicamento%20prod-00658"
"prod-00656","JABON DOVE REVIGORANTE 90G","Cuidado personal","imagenesmedimentos/genericas/productos/prod-00656.svg","https://placehold.co/400x400/e8edf3/0b1f3a?text=Medicamento%20prod-00656"
"prod-00479","JABON INTIMO MUJER CALENDULA","Cuidado personal","imagenesmedimentos/genericas/productos/prod-00479.svg","https://placehold.co/400x400/e8edf3/0b1f3a?text=Medicamento%20prod-00479"
"prod-00482","JABON INTIMO MUJER SALVIA Y CALENDULA 210G + VINAGRE DE MANZANA Y CALENDULA 55G","Cuidado personal","imagenesmedimentos/genericas/productos/prod-00482.svg","https://placehold.co/400x400/e8edf3/0b1f3a?text=Medicamento%20prod-00482"
"prod-00416","JABON NIXODERM AZUFRE ALOE VER","Cuidado personal","imagenesmedimentos/genericas/productos/prod-00416.svg","https://placehold.co/400x400/e8edf3/0b1f3a?text=Medicamento%20prod-00416"
"prod-00418","JABON NIXODERM AZUFRE EXTRACTO","Cuidado personal","imagenesmedimentos/genericas/productos/prod-00418.svg","https://placehold.co/400x400/e8edf3/0b1f3a?text=Medicamento%20prod-00418"
"prod-00488","JABON PALMOLIVE AVENA Y AZUCAR","Cuidado personal","imagenesmedimentos/genericas/productos/prod-00488.svg","https://placehold.co/400x400/e8edf3/0b1f3a?text=Medicamento%20prod-00488"
"prod-00489","JABON PALMOLIVE SANDIA Y LYCHE","Cuidado personal","imagenesmedimentos/genericas/productos/prod-00489.svg","https://placehold.co/400x400/e8edf3/0b1f3a?text=Medicamento%20prod-00489"
"prod-00346","JABON PROTEX HERBAL 110G","Cuidado personal","imagenesmedimentos/genericas/productos/prod-00346.svg","https://placehold.co/400x400/e8edf3/0b1f3a?text=Medicamento%20prod-00346"
"prod-00335","JABON SOHNSONS BABY 110G","Cuidado personal","imagenesmedimentos/genericas/productos/prod-00335.svg","https://placehold.co/400x400/e8edf3/0b1f3a?text=Medicamento%20prod-00335"
"prod-00330","KETOPROFENO GEL 2.5%","Cuidado personal","imagenesmedimentos/genericas/productos/prod-00330.svg","https://placehold.co/400x400/e8edf3/0b1f3a?text=Medicamento%20prod-00330"
"prod-00802","LASONIL ACTIVE GEL 30G","Cuidado personal","imagenesmedimentos/genericas/productos/prod-00802.svg","https://placehold.co/400x400/e8edf3/0b1f3a?text=Medicamento%20prod-00802"
"prod-00566","NEOTRISONA CREMA 20G","Cuidado personal","imagenesmedimentos/genericas/productos/prod-00566.svg","https://placehold.co/400x400/e8edf3/0b1f3a?text=Medicamento%20prod-00566"
"prod-00536","PROTECTOR NUDE SOLAR 80FPS 120","Cuidado personal","imagenesmedimentos/genericas/productos/prod-00536.svg","https://placehold.co/400x400/e8edf3/0b1f3a?text=Medicamento%20prod-00536"
"prod-00537","PROTECTOR NUDE SOLAR 80FPS 40M","Cuidado personal","imagenesmedimentos/genericas/productos/prod-00537.svg","https://placehold.co/400x400/e8edf3/0b1f3a?text=Medicamento%20prod-00537"
"prod-00596","PROTECTORES DE LACTANCIA 40 NOSOTRAS","Cuidado personal","imagenesmedimentos/genericas/productos/prod-00596.svg","https://placehold.co/400x400/e8edf3/0b1f3a?text=Medicamento%20prod-00596"
"prod-00598","PROTECTORES DE LACTANCIA AVENT","Cuidado personal","imagenesmedimentos/genericas/productos/prod-00598.svg","https://placehold.co/400x400/e8edf3/0b1f3a?text=Medicamento%20prod-00598"
"prod-00349","PROTECTORES NOSOTRAS X15","Cuidado personal","imagenesmedimentos/genericas/productos/prod-00349.svg","https://placehold.co/400x400/e8edf3/0b1f3a?text=Medicamento%20prod-00349"
"prod-00694","SAVIDOL VITALFARMA GEL 90G","Cuidado personal","imagenesmedimentos/genericas/productos/prod-00694.svg","https://placehold.co/400x400/e8edf3/0b1f3a?text=Medicamento%20prod-00694"
"prod-00170","SEDA DENTAL COLGATE TOTAL HILO 25MTS","Cuidado personal","imagenesmedimentos/colgatetripleaccion.jpg","https://placehold.co/400x400/e8edf3/0b1f3a?text=Medicamento%20prod-00170"
"prod-00476","SHAMPOO ARRURRU MANZANILLA 400","Cuidado personal","imagenesmedimentos/genericas/productos/prod-00476.svg","https://placehold.co/400x400/e8edf3/0b1f3a?text=Medicamento%20prod-00476"
"prod-00651","SHAMPOO HEAD & SHOULDERS 375ML","Cuidado personal","imagenesmedimentos/genericas/productos/prod-00651.svg","https://placehold.co/400x400/e8edf3/0b1f3a?text=Medicamento%20prod-00651"
"prod-00345","SHAMPOO HEAD & SHOULDERS SOBRE","Cuidado personal","imagenesmedimentos/genericas/productos/prod-00345.svg","https://placehold.co/400x400/e8edf3/0b1f3a?text=Medicamento%20prod-00345"
"prod-00338","SHAMPOO JOHNSONS BABY GLICERIN","Cuidado personal","imagenesmedimentos/genericas/productos/prod-00338.svg","https://placehold.co/400x400/e8edf3/0b1f3a?text=Medicamento%20prod-00338"
"prod-00336","SHAMPOO JOHNSONS BABY MANZANIL","Cuidado personal","imagenesmedimentos/genericas/productos/prod-00336.svg","https://placehold.co/400x400/e8edf3/0b1f3a?text=Medicamento%20prod-00336"
"prod-00652","SHAMPOO PANTENE RESTAURA 400ML","Cuidado personal","imagenesmedimentos/genericas/productos/prod-00652.svg","https://placehold.co/400x400/e8edf3/0b1f3a?text=Medicamento%20prod-00652"
"prod-00347","SHAMPOO PANTENE SOBRE COLAGENO","Cuidado personal","imagenesmedimentos/genericas/productos/prod-00347.svg","https://placehold.co/400x400/e8edf3/0b1f3a?text=Medicamento%20prod-00347"
"prod-00789","SHAMPOO SAVITAL 510ML HIALURON","Cuidado personal","imagenesmedimentos/genericas/productos/prod-00789.svg","https://placehold.co/400x400/e8edf3/0b1f3a?text=Medicamento%20prod-00789"
"prod-00555","SHAMPOO SEDAL CERAMIDAS 340ML","Cuidado personal","imagenesmedimentos/genericas/productos/prod-00555.svg","https://placehold.co/400x400/e8edf3/0b1f3a?text=Medicamento%20prod-00555"
"prod-00495","SHAMPOO TIO NACHO CONTROL CAS","Cuidado personal","imagenesmedimentos/genericas/productos/prod-00495.svg","https://placehold.co/400x400/e8edf3/0b1f3a?text=Medicamento%20prod-00495"
"prod-00230","SYSTANE GEL GOTAS 10 ML","Cuidado personal","imagenesmedimentos/genericas/productos/prod-00230.svg","https://placehold.co/400x400/e8edf3/0b1f3a?text=Medicamento%20prod-00230"
"prod-00875","TOALLAS DESMAQUILLANTES POMYS","Cuidado personal","imagenesmedimentos/genericas/productos/prod-00875.svg","https://placehold.co/400x400/e8edf3/0b1f3a?text=Medicamento%20prod-00875"
"prod-00187","TOALLAS NOSOTRAS EXTRA PROTECC","Cuidado personal","imagenesmedimentos/genericas/productos/prod-00187.svg","https://placehold.co/400x400/e8edf3/0b1f3a?text=Medicamento%20prod-00187"
"prod-00185","TOALLAS NOSOTRAS INVISIBLE CLA (26013.400)","Cuidado personal","imagenesmedimentos/genericas/productos/prod-00185.svg","https://placehold.co/400x400/e8edf3/0b1f3a?text=Medicamento%20prod-00185"
"prod-00184","TOALLAS NOSOTRAS INVISIBLE CLA (2605.200)","Cuidado personal","imagenesmedimentos/genericas/productos/prod-00184.svg","https://placehold.co/400x400/e8edf3/0b1f3a?text=Medicamento%20prod-00184"
"prod-00181","TOALLAS NOSOTRAS MATERNIDAD","Cuidado personal","imagenesmedimentos/genericas/productos/prod-00181.svg","https://placehold.co/400x400/e8edf3/0b1f3a?text=Medicamento%20prod-00181"
"prod-00183","TOALLAS NOSOTRAS PLUS CANAGEL","Cuidado personal","imagenesmedimentos/genericas/productos/prod-00183.svg","https://placehold.co/400x400/e8edf3/0b1f3a?text=Medicamento%20prod-00183"
"prod-00161","TRIGENTAX CREMA TOPICA 20G","Cuidado personal","imagenesmedimentos/genericas/productos/prod-00161.svg","https://placehold.co/400x400/e8edf3/0b1f3a?text=Medicamento%20prod-00161"
"prod-00615","VITALIS CREMA TOPICA BETAMETAS","Cuidado personal","imagenesmedimentos/genericas/productos/prod-00615.svg","https://placehold.co/400x400/e8edf3/0b1f3a?text=Medicamento%20prod-00615"
"prod-00362","YODORA CLASICO CREMA 12G","Cuidado personal","imagenesmedimentos/genericas/productos/prod-00362.svg","https://placehold.co/400x400/e8edf3/0b1f3a?text=Medicamento%20prod-00362"
"prod-00696","ACEITE DE COCO 100ML EXTRA VIR","Otros","imagenesmedimentos/genericas/productos/prod-00696.svg","https://placehold.co/400x400/e8edf3/0b1f3a?text=Medicamento%20prod-00696"
"prod-00235","ACICLOVIR 15G UNGUENTO AL 5%","Otros","imagenesmedimentos/genericas/productos/prod-00235.svg","https://placehold.co/400x400/e8edf3/0b1f3a?text=Medicamento%20prod-00235"
"prod-00092","ACICLOVIR 5% UNGUENTO TOPICO","Otros","imagenesmedimentos/genericas/productos/prod-00092.svg","https://placehold.co/400x400/e8edf3/0b1f3a?text=Medicamento%20prod-00092"
"prod-00096","ACICLOVIR 800 MG 10 TABLETAS LA SANTE","Otros","imagenesmedimentos/genericas/productos/prod-00096.svg","https://placehold.co/400x400/e8edf3/0b1f3a?text=Medicamento%20prod-00096"
"prod-00573","ACID MANTLE BABY 100G","Otros","imagenesmedimentos/genericas/productos/prod-00573.svg","https://placehold.co/400x400/e8edf3/0b1f3a?text=Medicamento%20prod-00573"
"prod-00572","ACID MANTLE BABY 30G","Otros","imagenesmedimentos/genericas/productos/prod-00572.svg","https://placehold.co/400x400/e8edf3/0b1f3a?text=Medicamento%20prod-00572"
"prod-00867","ACID MANTLE PRO B5 NOCTURNA","Otros","imagenesmedimentos/genericas/productos/prod-00867.svg","https://placehold.co/400x400/e8edf3/0b1f3a?text=Medicamento%20prod-00867"
"prod-00176","ACIDO FOLICO 1MG 60 TABLETAS","Otros","imagenesmedimentos/genericas/productos/prod-00176.svg","https://placehold.co/400x400/e8edf3/0b1f3a?text=Medicamento%20prod-00176"
"prod-00791","ACONDI SAVITAL 490ML FUSION PR","Otros","imagenesmedimentos/genericas/productos/prod-00791.svg","https://placehold.co/400x400/e8edf3/0b1f3a?text=Medicamento%20prod-00791"
"prod-00783","ACONDI SAVITAL SOBRE COMP HIAL","Otros","imagenesmedimentos/genericas/productos/prod-00783.svg","https://placehold.co/400x400/e8edf3/0b1f3a?text=Medicamento%20prod-00783"
"prod-00772","ACONDICI PANTENE CONTROL CAIDA","Otros","imagenesmedimentos/genericas/productos/prod-00772.svg","https://placehold.co/400x400/e8edf3/0b1f3a?text=Medicamento%20prod-00772"
"prod-00348","ACONDICIONADOR PANTENE SOBRE REPARACION","Otros","imagenesmedimentos/genericas/productos/prod-00348.svg","https://placehold.co/400x400/e8edf3/0b1f3a?text=Medicamento%20prod-00348"
"prod-00556","ACONDICIONADOR SEDAL 340ML","Otros","imagenesmedimentos/genericas/productos/prod-00556.svg","https://placehold.co/400x400/e8edf3/0b1f3a?text=Medicamento%20prod-00556"
"prod-00236","ACTIVA 21 GRAGEAS","Otros","imagenesmedimentos/genericas/productos/prod-00236.svg","https://placehold.co/400x400/e8edf3/0b1f3a?text=Medicamento%20prod-00236"
"prod-00498","ADHESIVA COREGA SIN SABOR 20G","Otros","imagenesmedimentos/genericas/productos/prod-00498.svg","https://placehold.co/400x400/e8edf3/0b1f3a?text=Medicamento%20prod-00498"
"prod-00193","AGUA BRISA 600 ML","Otros","imagenesmedimentos/genericas/productos/prod-00193.svg","https://placehold.co/400x400/e8edf3/0b1f3a?text=Medicamento%20prod-00193"
"prod-00650","AGUA MICELAR GARNIER 100ML","Otros","imagenesmedimentos/genericas/productos/prod-00650.svg","https://placehold.co/400x400/e8edf3/0b1f3a?text=Medicamento%20prod-00650"
"prod-00265","ALBENDAZOL 200MG MK","Otros","imagenesmedimentos/genericas/productos/prod-00265.svg","https://placehold.co/400x400/e8edf3/0b1f3a?text=Medicamento%20prod-00265"
"prod-00551","ALGODON MK POMOS BOLSA 40G","Otros","imagenesmedimentos/genericas/productos/prod-00551.svg","https://placehold.co/400x400/e8edf3/0b1f3a?text=Medicamento%20prod-00551"
"prod-00464","AMLODIPINO 5MG - 10 TABL COASP","Otros","imagenesmedimentos/genericas/productos/prod-00464.svg","https://placehold.co/400x400/e8edf3/0b1f3a?text=Medicamento%20prod-00464"
"prod-00465","AMLODIPINO 5MG GENFAR 10 TABLE","Otros","imagenesmedimentos/genericas/productos/prod-00465.svg","https://placehold.co/400x400/e8edf3/0b1f3a?text=Medicamento%20prod-00465"
"prod-00467","AMLODIPINO 5MG LAPROFF","Otros","imagenesmedimentos/genericas/productos/prod-00467.svg","https://placehold.co/400x400/e8edf3/0b1f3a?text=Medicamento%20prod-00467"
"prod-00243","AMTRIPTILINA 25 MG AG","Otros","imagenesmedimentos/genericas/productos/prod-00243.svg","https://placehold.co/400x400/e8edf3/0b1f3a?text=Medicamento%20prod-00243"
"prod-00858","ANGIOVAN CILOSTAZOL 50MG TECNO","Otros","imagenesmedimentos/genericas/productos/prod-00858.svg","https://placehold.co/400x400/e8edf3/0b1f3a?text=Medicamento%20prod-00858"
"prod-00052","APRONAX 550 MG BLISTER X4","Otros","imagenesmedimentos/genericas/productos/prod-00052.svg","https://placehold.co/400x400/e8edf3/0b1f3a?text=Medicamento%20prod-00052"
"prod-00073","B VIT HT 3 JERINGAS","Otros","imagenesmedimentos/genericas/productos/prod-00073.svg","https://placehold.co/400x400/e8edf3/0b1f3a?text=Medicamento%20prod-00073"
"prod-00704","BALSAMO LAB VOGUE PROTE LABIOS","Otros","imagenesmedimentos/genericas/productos/prod-00704.svg","https://placehold.co/400x400/e8edf3/0b1f3a?text=Medicamento%20prod-00704"
"prod-00697","BASE LIQUIDA NAILEN SURTIDA","Otros","imagenesmedimentos/genericas/productos/prod-00697.svg","https://placehold.co/400x400/e8edf3/0b1f3a?text=Medicamento%20prod-00697"
"prod-00470","BETALOC ZOK 25MG METROPROLOL","Otros","imagenesmedimentos/genericas/productos/prod-00470.svg","https://placehold.co/400x400/e8edf3/0b1f3a?text=Medicamento%20prod-00470"
"prod-00268","BETAMETASONA 8MG","Otros","imagenesmedimentos/genericas/productos/prod-00268.svg","https://placehold.co/400x400/e8edf3/0b1f3a?text=Medicamento%20prod-00268"
"prod-00534","BIO OIL 60ML ACEITE PARA CUIDADO DE ´PIEL","Otros","imagenesmedimentos/genericas/productos/prod-00534.svg","https://placehold.co/400x400/e8edf3/0b1f3a?text=Medicamento%20prod-00534"
"prod-00206","BION 3 - 60 TABLETAS OFERTA","Otros","imagenesmedimentos/genericas/productos/prod-00206.svg","https://placehold.co/400x400/e8edf3/0b1f3a?text=Medicamento%20prod-00206"
"prod-00430","BLOQUEADOR SUNDARK NIÑOS SOBRE","Otros","imagenesmedimentos/genericas/productos/prod-00430.svg","https://placehold.co/400x400/e8edf3/0b1f3a?text=Medicamento%20prod-00430"
"prod-00431","BLOQUEADOR SUNDARK SPF 60G","Otros","imagenesmedimentos/genericas/productos/prod-00431.svg","https://placehold.co/400x400/e8edf3/0b1f3a?text=Medicamento%20prod-00431"
"prod-00001","BOLSA","Otros","imagenesmedimentos/genericas/productos/prod-00001.svg","https://placehold.co/400x400/e8edf3/0b1f3a?text=Medicamento%20prod-00001"
"prod-00123","BONFIEST LUA PLUS 32 SOBRES","Otros","imagenesmedimentos/genericas/productos/prod-00123.svg","https://placehold.co/400x400/e8edf3/0b1f3a?text=Medicamento%20prod-00123"
"prod-00071","BOTANITAS MELENA DE LEON GLICINATO DE MAGNESIO 250G","Otros","imagenesmedimentos/genericas/productos/prod-00071.svg","https://placehold.co/400x400/e8edf3/0b1f3a?text=Medicamento%20prod-00071"
"prod-00415","BRONQUISOL FLEMA NIÑOS JGB 120","Otros","imagenesmedimentos/genericas/productos/prod-00415.svg","https://placehold.co/400x400/e8edf3/0b1f3a?text=Medicamento%20prod-00415"
"prod-00237","CALADRYL CLEAR 100ML","Otros","imagenesmedimentos/genericas/productos/prod-00237.svg","https://placehold.co/400x400/e8edf3/0b1f3a?text=Medicamento%20prod-00237"
"prod-00081","CALTRATE D 600+","Otros","imagenesmedimentos/genericas/productos/prod-00081.svg","https://placehold.co/400x400/e8edf3/0b1f3a?text=Medicamento%20prod-00081"
"prod-00412","CATETER 18G INTRAVENOSO","Otros","imagenesmedimentos/genericas/productos/prod-00412.svg","https://placehold.co/400x400/e8edf3/0b1f3a?text=Medicamento%20prod-00412"
"prod-00413","CATETER 20G INTRAVENOSO","Otros","imagenesmedimentos/genericas/productos/prod-00413.svg","https://placehold.co/400x400/e8edf3/0b1f3a?text=Medicamento%20prod-00413"
"prod-00414","CATETER 22G INTRAVENOSO","Otros","imagenesmedimentos/genericas/productos/prod-00414.svg","https://placehold.co/400x400/e8edf3/0b1f3a?text=Medicamento%20prod-00414"
"prod-00378","CATETER INTRAVENOSO 24 ALFASAF","Otros","imagenesmedimentos/genericas/productos/prod-00378.svg","https://placehold.co/400x400/e8edf3/0b1f3a?text=Medicamento%20prod-00378"
"prod-00143","CELECOXIB 100 MG SANFER","Otros","imagenesmedimentos/genericas/productos/prod-00143.svg","https://placehold.co/400x400/e8edf3/0b1f3a?text=Medicamento%20prod-00143"
"prod-00775","CEPILLO DENTAL NIÑOS SONRIDENT","Otros","imagenesmedimentos/genericas/productos/prod-00775.svg","https://placehold.co/400x400/e8edf3/0b1f3a?text=Medicamento%20prod-00775"
"prod-00507","CETIRIZINA 10MG AG 10 TABLETAS","Otros","imagenesmedimentos/genericas/productos/prod-00507.svg","https://placehold.co/400x400/e8edf3/0b1f3a?text=Medicamento%20prod-00507"
"prod-00520","CETIRIZINA 10MG LA SANTE 10 TA","Otros","imagenesmedimentos/genericas/productos/prod-00520.svg","https://placehold.co/400x400/e8edf3/0b1f3a?text=Medicamento%20prod-00520"
"prod-00688","CITRATO DE POTASIO PREMIUM D3","Otros","imagenesmedimentos/genericas/productos/prod-00688.svg","https://placehold.co/400x400/e8edf3/0b1f3a?text=Medicamento%20prod-00688"
"prod-00256","CLORFERAMINA JARABE 2MG","Otros","imagenesmedimentos/genericas/productos/prod-00256.svg","https://placehold.co/400x400/e8edf3/0b1f3a?text=Medicamento%20prod-00256"
"prod-00070","CLORURO DE MAGNESIO 50 CAPSULA","Otros","imagenesmedimentos/genericas/productos/prod-00070.svg","https://placehold.co/400x400/e8edf3/0b1f3a?text=Medicamento%20prod-00070"
"prod-00886","COLAGENO+BIOTINA PHARBIO X30","Otros","imagenesmedimentos/genericas/productos/prod-00886.svg","https://placehold.co/400x400/e8edf3/0b1f3a?text=Medicamento%20prod-00886"
"prod-00887","COLAGENO+BIOTINA PHARBIO X60","Otros","imagenesmedimentos/genericas/productos/prod-00887.svg","https://placehold.co/400x400/e8edf3/0b1f3a?text=Medicamento%20prod-00887"
"prod-00478","COLONIA ARRURRU ORIGINAL AZUL 400ML","Otros","imagenesmedimentos/genericas/productos/prod-00478.svg","https://placehold.co/400x400/e8edf3/0b1f3a?text=Medicamento%20prod-00478"
"prod-00477","COLONIA ARRURRU ORIGINAL ROSAD","Otros","imagenesmedimentos/genericas/productos/prod-00477.svg","https://placehold.co/400x400/e8edf3/0b1f3a?text=Medicamento%20prod-00477"
"prod-00021","CONGESTEX CAPSULAS 60 CAPSULA","Otros","imagenesmedimentos/genericas/productos/prod-00021.svg","https://placehold.co/400x400/e8edf3/0b1f3a?text=Medicamento%20prod-00021"
"prod-00833","CONO BOCATTO FRESA","Otros","imagenesmedimentos/genericas/productos/prod-00833.svg","https://placehold.co/400x400/e8edf3/0b1f3a?text=Medicamento%20prod-00833"
"prod-00632","COPITO COTTON SWABS","Otros","imagenesmedimentos/genericas/productos/prod-00632.svg","https://placehold.co/400x400/e8edf3/0b1f3a?text=Medicamento%20prod-00632"
"prod-00894","CYCLOFEM AMPOLLA","Otros","imagenesmedimentos/genericas/productos/prod-00894.svg","https://placehold.co/400x400/e8edf3/0b1f3a?text=Medicamento%20prod-00894"
"prod-00251","DAYAMINERAL FE JARABE 240ML","Otros","imagenesmedimentos/genericas/productos/prod-00251.svg","https://placehold.co/400x400/e8edf3/0b1f3a?text=Medicamento%20prod-00251"
"prod-00056","DICLOXACILINA 500 MG 50 CAPSUL","Otros","imagenesmedimentos/genericas/productos/prod-00056.svg","https://placehold.co/400x400/e8edf3/0b1f3a?text=Medicamento%20prod-00056"
"prod-00424","DIHIDROCODEINA AG 120ML JARABE","Otros","imagenesmedimentos/genericas/productos/prod-00424.svg","https://placehold.co/400x400/e8edf3/0b1f3a?text=Medicamento%20prod-00424"
"prod-00407","DIHIDROCODEINA BITARTRATO 120M","Otros","imagenesmedimentos/genericas/productos/prod-00407.svg","https://placehold.co/400x400/e8edf3/0b1f3a?text=Medicamento%20prod-00407"
"prod-00903","DIOSMINA HESPERIDINA MK 500","Otros","imagenesmedimentos/genericas/productos/prod-00903.svg","https://placehold.co/400x400/e8edf3/0b1f3a?text=Medicamento%20prod-00903"
"prod-00282","DOXICILINA 100MF X10 COMPRIMID","Otros","imagenesmedimentos/genericas/productos/prod-00282.svg","https://placehold.co/400x400/e8edf3/0b1f3a?text=Medicamento%20prod-00282"
"prod-00856","DULCOLAX BISACODILO 10 GRAGEAS","Otros","imagenesmedimentos/genericas/productos/prod-00856.svg","https://placehold.co/400x400/e8edf3/0b1f3a?text=Medicamento%20prod-00856"
"prod-00079","DUODART 0.5MG/0.4MG","Otros","imagenesmedimentos/genericas/productos/prod-00079.svg","https://placehold.co/400x400/e8edf3/0b1f3a?text=Medicamento%20prod-00079"
"prod-00810","EMULSION DE SCOTT 360ML","Otros","imagenesmedimentos/scott.jpg","https://placehold.co/400x400/e8edf3/0b1f3a?text=Medicamento%20prod-00810"
"prod-00811","EMULSION SCOTT 180ML","Otros","imagenesmedimentos/scott.jpg","https://placehold.co/400x400/e8edf3/0b1f3a?text=Medicamento%20prod-00811"
"prod-00445","ENEMA TRAVAD 133ML","Otros","imagenesmedimentos/genericas/productos/prod-00445.svg","https://placehold.co/400x400/e8edf3/0b1f3a?text=Medicamento%20prod-00445"
"prod-00471","ESPIRONOLACTONA 25MG LAPROFF","Otros","imagenesmedimentos/genericas/productos/prod-00471.svg","https://placehold.co/400x400/e8edf3/0b1f3a?text=Medicamento%20prod-00471"
"prod-00068","EVALAX POLVO SOBRE 17 G","Otros","imagenesmedimentos/genericas/productos/prod-00068.svg","https://placehold.co/400x400/e8edf3/0b1f3a?text=Medicamento%20prod-00068"
"prod-00318","FEMDUO 10 OVULOS VAGINALES","Otros","imagenesmedimentos/genericas/productos/prod-00318.svg","https://placehold.co/400x400/e8edf3/0b1f3a?text=Medicamento%20prod-00318"
"prod-00111","FENCAFEN 20 TABLETAS","Otros","imagenesmedimentos/genericas/productos/prod-00111.svg","https://placehold.co/400x400/e8edf3/0b1f3a?text=Medicamento%20prod-00111"
"prod-00549","FEXOFENADINA 120G TABL HETERO","Otros","imagenesmedimentos/genericas/productos/prod-00549.svg","https://placehold.co/400x400/e8edf3/0b1f3a?text=Medicamento%20prod-00549"
"prod-00509","FEXOFENADINA 120MG AG 10 TABLE","Otros","imagenesmedimentos/genericas/productos/prod-00509.svg","https://placehold.co/400x400/e8edf3/0b1f3a?text=Medicamento%20prod-00509"
"prod-00426","FEXOFENADINA 180MG ECAR","Otros","imagenesmedimentos/genericas/productos/prod-00426.svg","https://placehold.co/400x400/e8edf3/0b1f3a?text=Medicamento%20prod-00426"
"prod-00589","FEXOFENADINA JARABE 150ML ECAR","Otros","imagenesmedimentos/genericas/productos/prod-00589.svg","https://placehold.co/400x400/e8edf3/0b1f3a?text=Medicamento%20prod-00589"
"prod-00273","FLORATIL 250 MG","Otros","imagenesmedimentos/genericas/productos/prod-00273.svg","https://placehold.co/400x400/e8edf3/0b1f3a?text=Medicamento%20prod-00273"
"prod-00150","FLUCONAZOL 150MG ICOM","Otros","imagenesmedimentos/genericas/productos/prod-00150.svg","https://placehold.co/400x400/e8edf3/0b1f3a?text=Medicamento%20prod-00150"
"prod-00151","FLUCONAZOL 200 MG","Otros","imagenesmedimentos/genericas/productos/prod-00151.svg","https://placehold.co/400x400/e8edf3/0b1f3a?text=Medicamento%20prod-00151"
"prod-00297","FLUOXETINA 20MG AG","Otros","imagenesmedimentos/genericas/productos/prod-00297.svg","https://placehold.co/400x400/e8edf3/0b1f3a?text=Medicamento%20prod-00297"
"prod-00569","FLUOXETINA 20MG COASPHAR 14TAB","Otros","imagenesmedimentos/genericas/productos/prod-00569.svg","https://placehold.co/400x400/e8edf3/0b1f3a?text=Medicamento%20prod-00569"
"prod-00675","GALLETA FESTIVAL SURTIDAS 6UNI","Otros","imagenesmedimentos/genericas/productos/prod-00675.svg","https://placehold.co/400x400/e8edf3/0b1f3a?text=Medicamento%20prod-00675"
"prod-00836","GALLETA HELADO VAINILLA PASAS","Otros","imagenesmedimentos/genericas/productos/prod-00836.svg","https://placehold.co/400x400/e8edf3/0b1f3a?text=Medicamento%20prod-00836"
"prod-00191","GATORADE FRUTAS TROPICAL 500ML","Otros","imagenesmedimentos/genericas/productos/prod-00191.svg","https://placehold.co/400x400/e8edf3/0b1f3a?text=Medicamento%20prod-00191"
"prod-00328","GENTAMICINA 1 AMPOLLA","Otros","imagenesmedimentos/genericas/productos/prod-00328.svg","https://placehold.co/400x400/e8edf3/0b1f3a?text=Medicamento%20prod-00328"
"prod-00893","GENTAMICINA SOLUCION OPTICA5ML","Otros","imagenesmedimentos/genericas/productos/prod-00893.svg","https://placehold.co/400x400/e8edf3/0b1f3a?text=Medicamento%20prod-00893"
"prod-00613","GLUCERNA HMB 220ML 3 EN 1 VAIN","Otros","imagenesmedimentos/genericas/productos/prod-00613.svg","https://placehold.co/400x400/e8edf3/0b1f3a?text=Medicamento%20prod-00613"
"prod-00666","GOL 31G","Otros","imagenesmedimentos/genericas/productos/prod-00666.svg","https://placehold.co/400x400/e8edf3/0b1f3a?text=Medicamento%20prod-00666"
"prod-00593","GOMAS GUMIVIT BOLSA 4 GOMAS","Otros","imagenesmedimentos/genericas/productos/prod-00593.svg","https://placehold.co/400x400/e8edf3/0b1f3a?text=Medicamento%20prod-00593"
"prod-00272","GORRO TIPO ORUGA AZUL","Otros","imagenesmedimentos/genericas/productos/prod-00272.svg","https://placehold.co/400x400/e8edf3/0b1f3a?text=Medicamento%20prod-00272"
"prod-00720","HEMOCYTON JARABE TECNOQUIMICAS","Otros","imagenesmedimentos/genericas/productos/prod-00720.svg","https://placehold.co/400x400/e8edf3/0b1f3a?text=Medicamento%20prod-00720"
"prod-00289","HEPATODREN TRIPLE ACCION CAPSU","Otros","imagenesmedimentos/genericas/productos/prod-00289.svg","https://placehold.co/400x400/e8edf3/0b1f3a?text=Medicamento%20prod-00289"
"prod-00291","HEPATODREN TRIPLE ACCION JARAB","Otros","imagenesmedimentos/genericas/productos/prod-00291.svg","https://placehold.co/400x400/e8edf3/0b1f3a?text=Medicamento%20prod-00291"
"prod-00759","HIDRAHIALURONICO NOCTURNA 200G","Otros","imagenesmedimentos/genericas/productos/prod-00759.svg","https://placehold.co/400x400/e8edf3/0b1f3a?text=Medicamento%20prod-00759"
"prod-00820","HIDRAPLUS 75 ZINC 400ML MANZAN","Otros","imagenesmedimentos/genericas/productos/prod-00820.svg","https://placehold.co/400x400/e8edf3/0b1f3a?text=Medicamento%20prod-00820"
"prod-00144","HIDROCLOROTIAZIDA 12.5MG","Otros","imagenesmedimentos/genericas/productos/prod-00144.svg","https://placehold.co/400x400/e8edf3/0b1f3a?text=Medicamento%20prod-00144"
"prod-00278","HIDROXIDO ALUMINIO - HIDROXIDO DE MAGNESIO 360ML","Otros","imagenesmedimentos/genericas/productos/prod-00278.svg","https://placehold.co/400x400/e8edf3/0b1f3a?text=Medicamento%20prod-00278"
"prod-00529","HIOSCINA 10MG LAPROFF","Otros","imagenesmedimentos/buscapnacompositum.jpg","https://placehold.co/400x400/e8edf3/0b1f3a?text=Medicamento%20prod-00529"
"prod-00733","IGORA 1-1 NEGRO AZUL+OXIGENTA","Otros","imagenesmedimentos/genericas/productos/prod-00733.svg","https://placehold.co/400x400/e8edf3/0b1f3a?text=Medicamento%20prod-00733"
"prod-00324","INHALOCAMARA ADULTO PROTEX","Otros","imagenesmedimentos/genericas/productos/prod-00324.svg","https://placehold.co/400x400/e8edf3/0b1f3a?text=Medicamento%20prod-00324"
"prod-00315","INHALOCAMARA PEDIATRICA MASCAR","Otros","imagenesmedimentos/genericas/productos/prod-00315.svg","https://placehold.co/400x400/e8edf3/0b1f3a?text=Medicamento%20prod-00315"
"prod-00227","IVERMECTINA 0,6% SOLUCION ORAL","Otros","imagenesmedimentos/genericas/productos/prod-00227.svg","https://placehold.co/400x400/e8edf3/0b1f3a?text=Medicamento%20prod-00227"
"prod-00307","KETOTIFENO 1MG JARABE 100ML","Otros","imagenesmedimentos/genericas/productos/prod-00307.svg","https://placehold.co/400x400/e8edf3/0b1f3a?text=Medicamento%20prod-00307"
"prod-00197","KOLA GRANULADA FRESA 135G","Otros","imagenesmedimentos/genericas/productos/prod-00197.svg","https://placehold.co/400x400/e8edf3/0b1f3a?text=Medicamento%20prod-00197"
"prod-00198","KOLA GRANULADA FRESA 380G","Otros","imagenesmedimentos/genericas/productos/prod-00198.svg","https://placehold.co/400x400/e8edf3/0b1f3a?text=Medicamento%20prod-00198"
"prod-00196","KOLA GRANULADA TRADICIONAL135G","Otros","imagenesmedimentos/genericas/productos/prod-00196.svg","https://placehold.co/400x400/e8edf3/0b1f3a?text=Medicamento%20prod-00196"
"prod-00097","LAGRIMAS ARTIFICIALES 5 MG/ML","Otros","imagenesmedimentos/genericas/productos/prod-00097.svg","https://placehold.co/400x400/e8edf3/0b1f3a?text=Medicamento%20prod-00097"
"prod-00379","LECHE DE MAGNESIA PHILLIPS 120","Otros","imagenesmedimentos/genericas/productos/prod-00379.svg","https://placehold.co/400x400/e8edf3/0b1f3a?text=Medicamento%20prod-00379"
"prod-00435","LECHE KLIM NESTLE 1+ 500G","Otros","imagenesmedimentos/genericas/productos/prod-00435.svg","https://placehold.co/400x400/e8edf3/0b1f3a?text=Medicamento%20prod-00435"
"prod-00522","LEVOCETIRIZINA 5MG 10 TB LA SA","Otros","imagenesmedimentos/genericas/productos/prod-00522.svg","https://placehold.co/400x400/e8edf3/0b1f3a?text=Medicamento%20prod-00522"
"prod-00005","LEVOFLAXACINA TABL 500 MG MK","Otros","imagenesmedimentos/genericas/productos/prod-00005.svg","https://placehold.co/400x400/e8edf3/0b1f3a?text=Medicamento%20prod-00005"
"prod-00319","LEVOTIROXINA SODICA 100MCG","Otros","imagenesmedimentos/genericas/productos/prod-00319.svg","https://placehold.co/400x400/e8edf3/0b1f3a?text=Medicamento%20prod-00319"
"prod-00086","LIDOCAINA HCI 2% JALEA ESTERIL 30 G","Otros","imagenesmedimentos/genericas/productos/prod-00086.svg","https://placehold.co/400x400/e8edf3/0b1f3a?text=Medicamento%20prod-00086"
"prod-00204","LISTERINE CUIDADO TOTAL 180ML","Otros","imagenesmedimentos/genericas/productos/prod-00204.svg","https://placehold.co/400x400/e8edf3/0b1f3a?text=Medicamento%20prod-00204"
"prod-00606","LOPERAMIDA ECAR 6 TABLETAS","Otros","imagenesmedimentos/genericas/productos/prod-00606.svg","https://placehold.co/400x400/e8edf3/0b1f3a?text=Medicamento%20prod-00606"
"prod-00223","LOXONIN 60MG","Otros","imagenesmedimentos/genericas/productos/prod-00223.svg","https://placehold.co/400x400/e8edf3/0b1f3a?text=Medicamento%20prod-00223"
"prod-00504","LUBRICANTE INTIMAZUL SACHET","Otros","imagenesmedimentos/genericas/productos/prod-00504.svg","https://placehold.co/400x400/e8edf3/0b1f3a?text=Medicamento%20prod-00504"
"prod-00545","LUBRICANTE INTIMO DUREX 50G","Otros","imagenesmedimentos/genericas/productos/prod-00545.svg","https://placehold.co/400x400/e8edf3/0b1f3a?text=Medicamento%20prod-00545"
"prod-00546","LUBRICANTE INTIMO K-Y 100G","Otros","imagenesmedimentos/genericas/productos/prod-00546.svg","https://placehold.co/400x400/e8edf3/0b1f3a?text=Medicamento%20prod-00546"
"prod-00548","LUBRICANTE INTIMO K-Y 15G","Otros","imagenesmedimentos/genericas/productos/prod-00548.svg","https://placehold.co/400x400/e8edf3/0b1f3a?text=Medicamento%20prod-00548"
"prod-00547","LUBRICANTE INTIMO K-Y 50G","Otros","imagenesmedimentos/genericas/productos/prod-00547.svg","https://placehold.co/400x400/e8edf3/0b1f3a?text=Medicamento%20prod-00547"
"prod-00506","LUBRIDERM HUMECTANTE DIA 120ML","Otros","imagenesmedimentos/genericas/productos/prod-00506.svg","https://placehold.co/400x400/e8edf3/0b1f3a?text=Medicamento%20prod-00506"
"prod-00505","LUBRIDERM HUMECTANTE DIA 400ML","Otros","imagenesmedimentos/genericas/productos/prod-00505.svg","https://placehold.co/400x400/e8edf3/0b1f3a?text=Medicamento%20prod-00505"
"prod-00425","LUMBAL FORTE 6 TABLETAS","Otros","imagenesmedimentos/genericas/productos/prod-00425.svg","https://placehold.co/400x400/e8edf3/0b1f3a?text=Medicamento%20prod-00425"
"prod-00484","MENTICOL AMARILLO 250ML + 60ML","Otros","imagenesmedimentos/genericas/productos/prod-00484.svg","https://placehold.co/400x400/e8edf3/0b1f3a?text=Medicamento%20prod-00484"
"prod-00633","METOCARBAMOL 750MG ANGLOPHARMA","Otros","imagenesmedimentos/genericas/productos/prod-00633.svg","https://placehold.co/400x400/e8edf3/0b1f3a?text=Medicamento%20prod-00633"
"prod-00304","METOCLOPRAMIDA 4MG/ML GOTAS 30ML","Otros","imagenesmedimentos/genericas/productos/prod-00304.svg","https://placehold.co/400x400/e8edf3/0b1f3a?text=Medicamento%20prod-00304"
"prod-00308","METRONIDAZOL 500MG EC TABLETAS","Otros","imagenesmedimentos/genericas/productos/prod-00308.svg","https://placehold.co/400x400/e8edf3/0b1f3a?text=Medicamento%20prod-00308"
"prod-00442","METRONIST OVULOS COLMED","Otros","imagenesmedimentos/genericas/productos/prod-00442.svg","https://placehold.co/400x400/e8edf3/0b1f3a?text=Medicamento%20prod-00442"
"prod-00502","MICROPORE KENNEDY PIEL 1/2X5","Otros","imagenesmedimentos/genericas/productos/prod-00502.svg","https://placehold.co/400x400/e8edf3/0b1f3a?text=Medicamento%20prod-00502"
"prod-00503","MICROPORE KENNEDY PIEL 1X5","Otros","imagenesmedimentos/genericas/productos/prod-00503.svg","https://placehold.co/400x400/e8edf3/0b1f3a?text=Medicamento%20prod-00503"
"prod-00540","MICROPORE SUPREME 1/2 X5","Otros","imagenesmedimentos/genericas/productos/prod-00540.svg","https://placehold.co/400x400/e8edf3/0b1f3a?text=Medicamento%20prod-00540"
"prod-00541","MICROPORE SUPREME 1X1","Otros","imagenesmedimentos/genericas/productos/prod-00541.svg","https://placehold.co/400x400/e8edf3/0b1f3a?text=Medicamento%20prod-00541"
"prod-00693","MIEL DE ABEJAS LA ESPERANZA 355G","Otros","imagenesmedimentos/genericas/productos/prod-00693.svg","https://placehold.co/400x400/e8edf3/0b1f3a?text=Medicamento%20prod-00693"
"prod-00845","MINOXIDIL 5% 60ML LAPROFF","Otros","imagenesmedimentos/genericas/productos/prod-00845.svg","https://placehold.co/400x400/e8edf3/0b1f3a?text=Medicamento%20prod-00845"
"prod-00083","MUCOSINA GOTAS PEDIATRICA 30ML","Otros","imagenesmedimentos/genericas/productos/prod-00083.svg","https://placehold.co/400x400/e8edf3/0b1f3a?text=Medicamento%20prod-00083"
"prod-00438","NESTLE NESTUM 5 CEREALES 200G","Otros","imagenesmedimentos/genericas/productos/prod-00438.svg","https://placehold.co/400x400/e8edf3/0b1f3a?text=Medicamento%20prod-00438"
"prod-00437","NESTLE NESTUM TRIGO MIEL 200G","Otros","imagenesmedimentos/genericas/productos/prod-00437.svg","https://placehold.co/400x400/e8edf3/0b1f3a?text=Medicamento%20prod-00437"
"prod-00436","NESTLE NESTUM TRIGO, BANANO 200G","Otros","imagenesmedimentos/genericas/productos/prod-00436.svg","https://placehold.co/400x400/e8edf3/0b1f3a?text=Medicamento%20prod-00436"
"prod-00607","NEUROBION DC X3 JERINGAS","Otros","imagenesmedimentos/genericas/productos/prod-00607.svg","https://placehold.co/400x400/e8edf3/0b1f3a?text=Medicamento%20prod-00607"
"prod-00321","NEUROBION INYECTABLE OFERTA","Otros","imagenesmedimentos/genericas/productos/prod-00321.svg","https://placehold.co/400x400/e8edf3/0b1f3a?text=Medicamento%20prod-00321"
"prod-00287","NISTATINA SUSPENSION 60ML","Otros","imagenesmedimentos/genericas/productos/prod-00287.svg","https://placehold.co/400x400/e8edf3/0b1f3a?text=Medicamento%20prod-00287"
"prod-00618","NITAZOXADINA 500MG NITOFAR","Otros","imagenesmedimentos/genericas/productos/prod-00618.svg","https://placehold.co/400x400/e8edf3/0b1f3a?text=Medicamento%20prod-00618"
"prod-00747","NORAVER GARGANTA NARANJA MIEL","Otros","imagenesmedimentos/genericas/productos/prod-00747.svg","https://placehold.co/400x400/e8edf3/0b1f3a?text=Medicamento%20prod-00747"
"prod-00620","OFERTA ACID MANTLE + BABY BALM","Otros","imagenesmedimentos/genericas/productos/prod-00620.svg","https://placehold.co/400x400/e8edf3/0b1f3a?text=Medicamento%20prod-00620"
"prod-00559","OFERTA PONDS CLARANT B3 100G","Otros","imagenesmedimentos/genericas/productos/prod-00559.svg","https://placehold.co/400x400/e8edf3/0b1f3a?text=Medicamento%20prod-00559"
"prod-00558","OFERTA PONDS REJUVENS 100G","Otros","imagenesmedimentos/genericas/productos/prod-00558.svg","https://placehold.co/400x400/e8edf3/0b1f3a?text=Medicamento%20prod-00558"
"prod-00320","ORLISTAT 120 MG COLMED","Otros","imagenesmedimentos/genericas/productos/prod-00320.svg","https://placehold.co/400x400/e8edf3/0b1f3a?text=Medicamento%20prod-00320"
"prod-00427","ORLISTAT 120MG ECAR","Otros","imagenesmedimentos/genericas/productos/prod-00427.svg","https://placehold.co/400x400/e8edf3/0b1f3a?text=Medicamento%20prod-00427"
"prod-00513","OTICAINA BENZOCAINA GOTAS SANF","Otros","imagenesmedimentos/genericas/productos/prod-00513.svg","https://placehold.co/400x400/e8edf3/0b1f3a?text=Medicamento%20prod-00513"
"prod-00222","OTIRILIN SOLUCION OTICA 13ML","Otros","imagenesmedimentos/genericas/productos/prod-00222.svg","https://placehold.co/400x400/e8edf3/0b1f3a?text=Medicamento%20prod-00222"
"prod-00286","OTOGLICAR GLICERINA CARBO 30ML","Otros","imagenesmedimentos/genericas/productos/prod-00286.svg","https://placehold.co/400x400/e8edf3/0b1f3a?text=Medicamento%20prod-00286"
"prod-00499","OXIGENTA IGORA 30 VOL 9%","Otros","imagenesmedimentos/genericas/productos/prod-00499.svg","https://placehold.co/400x400/e8edf3/0b1f3a?text=Medicamento%20prod-00499"
"prod-00443","PANTOPRAZOL 20MG COLMED 30TABL","Otros","imagenesmedimentos/genericas/productos/prod-00443.svg","https://placehold.co/400x400/e8edf3/0b1f3a?text=Medicamento%20prod-00443"
"prod-00673","PAPA MARGARITA SURTIDA 25G","Otros","imagenesmedimentos/genericas/productos/prod-00673.svg","https://placehold.co/400x400/e8edf3/0b1f3a?text=Medicamento%20prod-00673"
"prod-00049","PEDIALITE ACTIVE CEREZA 500 ML","Otros","imagenesmedimentos/genericas/productos/prod-00049.svg","https://placehold.co/400x400/e8edf3/0b1f3a?text=Medicamento%20prod-00049"
"prod-00796","PEDIALITE FRESA CON ZINC 60","Otros","imagenesmedimentos/genericas/productos/prod-00796.svg","https://placehold.co/400x400/e8edf3/0b1f3a?text=Medicamento%20prod-00796"
"prod-00795","PEDIALITE UVA CON ZINC 60","Otros","imagenesmedimentos/genericas/productos/prod-00795.svg","https://placehold.co/400x400/e8edf3/0b1f3a?text=Medicamento%20prod-00795"
"prod-00130","PEDIASURE LIQ. VAINILLA 220ML","Otros","imagenesmedimentos/genericas/productos/prod-00130.svg","https://placehold.co/400x400/e8edf3/0b1f3a?text=Medicamento%20prod-00130"
"prod-00866","PEDIASURE POLVO 850G","Otros","imagenesmedimentos/genericas/productos/prod-00866.svg","https://placehold.co/400x400/e8edf3/0b1f3a?text=Medicamento%20prod-00866"
"prod-00717","PESTAÑINA VOGUE CURVAS PERFECT","Otros","imagenesmedimentos/genericas/productos/prod-00717.svg","https://placehold.co/400x400/e8edf3/0b1f3a?text=Medicamento%20prod-00717"
"prod-00325","PLURIGRAM 500MG TABLETAS 10","Otros","imagenesmedimentos/genericas/productos/prod-00325.svg","https://placehold.co/400x400/e8edf3/0b1f3a?text=Medicamento%20prod-00325"
"prod-00710","POLVO COMPA VOGUE","Otros","imagenesmedimentos/genericas/productos/prod-00710.svg","https://placehold.co/400x400/e8edf3/0b1f3a?text=Medicamento%20prod-00710"
"prod-00353","POLVO MEXSANA ANTIBA 150G","Otros","imagenesmedimentos/genericas/productos/prod-00353.svg","https://placehold.co/400x400/e8edf3/0b1f3a?text=Medicamento%20prod-00353"
"prod-00354","POLVO MEXSANA ANTIBA 85G","Otros","imagenesmedimentos/genericas/productos/prod-00354.svg","https://placehold.co/400x400/e8edf3/0b1f3a?text=Medicamento%20prod-00354"
"prod-00895","POLVO MEXSANA PROMO PACK 150G+80G","Otros","imagenesmedimentos/genericas/productos/prod-00895.svg","https://placehold.co/400x400/e8edf3/0b1f3a?text=Medicamento%20prod-00895"
"prod-00301","POSTDAY 1 -1-5MG","Otros","imagenesmedimentos/genericas/productos/prod-00301.svg","https://placehold.co/400x400/e8edf3/0b1f3a?text=Medicamento%20prod-00301"
"prod-00004","POSTINOR 1 TABLETA 1.5MG","Otros","imagenesmedimentos/genericas/productos/prod-00004.svg","https://placehold.co/400x400/e8edf3/0b1f3a?text=Medicamento%20prod-00004"
"prod-00312","PREDNISOLONA 5MG LAPROFF 10 TA","Otros","imagenesmedimentos/genericas/productos/prod-00312.svg","https://placehold.co/400x400/e8edf3/0b1f3a?text=Medicamento%20prod-00312"
"prod-00403","PRESERVATIVO TODAY HOT SENSATI","Otros","imagenesmedimentos/genericas/productos/prod-00403.svg","https://placehold.co/400x400/e8edf3/0b1f3a?text=Medicamento%20prod-00403"
"prod-00404","PRESERVATIVO TODAY LONG ACTION","Otros","imagenesmedimentos/genericas/productos/prod-00404.svg","https://placehold.co/400x400/e8edf3/0b1f3a?text=Medicamento%20prod-00404"
"prod-00405","PRESERVATIVO TODAY MUTUAL SENS","Otros","imagenesmedimentos/genericas/productos/prod-00405.svg","https://placehold.co/400x400/e8edf3/0b1f3a?text=Medicamento%20prod-00405"
"prod-00400","PRESERVATIVO TODAY PUNTO G","Otros","imagenesmedimentos/genericas/productos/prod-00400.svg","https://placehold.co/400x400/e8edf3/0b1f3a?text=Medicamento%20prod-00400"
"prod-00402","PRESERVATIVO TODAY REAL SENSAT","Otros","imagenesmedimentos/genericas/productos/prod-00402.svg","https://placehold.co/400x400/e8edf3/0b1f3a?text=Medicamento%20prod-00402"
"prod-00401","PRESERVATIVO TODAY TRIPLE PLAC","Otros","imagenesmedimentos/genericas/productos/prod-00401.svg","https://placehold.co/400x400/e8edf3/0b1f3a?text=Medicamento%20prod-00401"
"prod-00460","PRESERVATIVOS EXTASIS LUBRICAD","Otros","imagenesmedimentos/genericas/productos/prod-00460.svg","https://placehold.co/400x400/e8edf3/0b1f3a?text=Medicamento%20prod-00460"
"prod-00392","PRESERVATIVOS XTREM NORMAL LUB","Otros","imagenesmedimentos/genericas/productos/prod-00392.svg","https://placehold.co/400x400/e8edf3/0b1f3a?text=Medicamento%20prod-00392"
"prod-00712","PRESTOBARBA GILLETTE NARANJA","Otros","imagenesmedimentos/desoderantegillette82gx2.png","https://placehold.co/400x400/e8edf3/0b1f3a?text=Medicamento%20prod-00712"
"prod-00601","PROWHEY KALORI 200ML LIQUIDO","Otros","imagenesmedimentos/genericas/productos/prod-00601.svg","https://placehold.co/400x400/e8edf3/0b1f3a?text=Medicamento%20prod-00601"
"prod-00600","PROWHEY KALORI 460G","Otros","imagenesmedimentos/genericas/productos/prod-00600.svg","https://placehold.co/400x400/e8edf3/0b1f3a?text=Medicamento%20prod-00600"
"prod-00390","PRUEBA DE EMBARAZO CASSET ALL SET","Otros","imagenesmedimentos/genericas/productos/prod-00390.svg","https://placehold.co/400x400/e8edf3/0b1f3a?text=Medicamento%20prod-00390"
"prod-00391","PRUEBA DE EMBARAZO TIRA ALL SE","Otros","imagenesmedimentos/genericas/productos/prod-00391.svg","https://placehold.co/400x400/e8edf3/0b1f3a?text=Medicamento%20prod-00391"
"prod-00202","REDOXON TOTAL EFER 10 COMPRIMI","Otros","imagenesmedimentos/genericas/productos/prod-00202.svg","https://placehold.co/400x400/e8edf3/0b1f3a?text=Medicamento%20prod-00202"
"prod-00106","RELAXMENT PLUS 500 MG 30 TABLE","Otros","imagenesmedimentos/genericas/productos/prod-00106.svg","https://placehold.co/400x400/e8edf3/0b1f3a?text=Medicamento%20prod-00106"
"prod-00105","RELAXMENT PLUS 500MG 20 TABLE","Otros","imagenesmedimentos/genericas/productos/prod-00105.svg","https://placehold.co/400x400/e8edf3/0b1f3a?text=Medicamento%20prod-00105"
"prod-00731","REMOVEDOR LANDER + OBSE","Otros","imagenesmedimentos/genericas/productos/prod-00731.svg","https://placehold.co/400x400/e8edf3/0b1f3a?text=Medicamento%20prod-00731"
"prod-00524","SECNIDAZOL 1GR 2 TABLE LA SANT","Otros","imagenesmedimentos/genericas/productos/prod-00524.svg","https://placehold.co/400x400/e8edf3/0b1f3a?text=Medicamento%20prod-00524"
"prod-00525","SECNIDAZOL 500MG LA SANTE 4 TA","Otros","imagenesmedimentos/genericas/productos/prod-00525.svg","https://placehold.co/400x400/e8edf3/0b1f3a?text=Medicamento%20prod-00525"
"prod-00609","SERVICIO INYECTOLOGIA","Otros","imagenesmedimentos/genericas/productos/prod-00609.svg","https://placehold.co/400x400/e8edf3/0b1f3a?text=Medicamento%20prod-00609"
"prod-00107","SEVEDOL EXTRA FUERTE 16 TABL","Otros","imagenesmedimentos/genericas/productos/prod-00107.svg","https://placehold.co/400x400/e8edf3/0b1f3a?text=Medicamento%20prod-00107"
"prod-00108","SEVEDOL EXTRA FUERTE 8 TABLETA","Otros","imagenesmedimentos/genericas/productos/prod-00108.svg","https://placehold.co/400x400/e8edf3/0b1f3a?text=Medicamento%20prod-00108"
"prod-00751","SHAMPO DREAM LISO ELVIVE 370ML","Otros","imagenesmedimentos/genericas/productos/prod-00751.svg","https://placehold.co/400x400/e8edf3/0b1f3a?text=Medicamento%20prod-00751"
"prod-00755","SHAMPO GLYCOLIC CRISTAL ELVIVE","Otros","imagenesmedimentos/genericas/productos/prod-00755.svg","https://placehold.co/400x400/e8edf3/0b1f3a?text=Medicamento%20prod-00755"
"prod-00450","SHAMPO HEAD & SHOULDERS 180ML","Otros","imagenesmedimentos/genericas/productos/prod-00450.svg","https://placehold.co/400x400/e8edf3/0b1f3a?text=Medicamento%20prod-00450"
"prod-00753","SHAMPO HIALURONICO PURE ELVIVE","Otros","imagenesmedimentos/genericas/productos/prod-00753.svg","https://placehold.co/400x400/e8edf3/0b1f3a?text=Medicamento%20prod-00753"
"prod-00752","SHAMPO HIDRAHIALURONICO ELVIVE","Otros","imagenesmedimentos/genericas/productos/prod-00752.svg","https://placehold.co/400x400/e8edf3/0b1f3a?text=Medicamento%20prod-00752"
"prod-00774","SHAMPO PANTENE BAMBU 400ML","Otros","imagenesmedimentos/genericas/productos/prod-00774.svg","https://placehold.co/400x400/e8edf3/0b1f3a?text=Medicamento%20prod-00774"
"prod-00790","SHAMPO SAVITAL 510ML FUSION PR","Otros","imagenesmedimentos/genericas/productos/prod-00790.svg","https://placehold.co/400x400/e8edf3/0b1f3a?text=Medicamento%20prod-00790"
"prod-00888","SIETE FACTORES DE TRANSF 650MG","Otros","imagenesmedimentos/genericas/productos/prod-00888.svg","https://placehold.co/400x400/e8edf3/0b1f3a?text=Medicamento%20prod-00888"
"prod-00428","SILDENADIL 50MG LA SANTE","Otros","imagenesmedimentos/genericas/productos/prod-00428.svg","https://placehold.co/400x400/e8edf3/0b1f3a?text=Medicamento%20prod-00428"
"prod-00564","SOLUCION SALINA INYECTA 250ML","Otros","imagenesmedimentos/genericas/productos/prod-00564.svg","https://placehold.co/400x400/e8edf3/0b1f3a?text=Medicamento%20prod-00564"
"prod-00605","SOUXA NITAZOXANIDA SUSPENSION","Otros","imagenesmedimentos/genericas/productos/prod-00605.svg","https://placehold.co/400x400/e8edf3/0b1f3a?text=Medicamento%20prod-00605"
"prod-00177","SULFATO FERROSO 200 MG 50 GRAG","Otros","imagenesmedimentos/genericas/productos/prod-00177.svg","https://placehold.co/400x400/e8edf3/0b1f3a?text=Medicamento%20prod-00177"
"prod-00313","SULFATO FERROSO 300MG","Otros","imagenesmedimentos/genericas/productos/prod-00313.svg","https://placehold.co/400x400/e8edf3/0b1f3a?text=Medicamento%20prod-00313"
"prod-00583","SULZINC 80ML SUSPENSION HUMA","Otros","imagenesmedimentos/genericas/productos/prod-00583.svg","https://placehold.co/400x400/e8edf3/0b1f3a?text=Medicamento%20prod-00583"
"prod-00689","SURELAB CHILDREN´S POLVO VAINI","Otros","imagenesmedimentos/genericas/productos/prod-00689.svg","https://placehold.co/400x400/e8edf3/0b1f3a?text=Medicamento%20prod-00689"
"prod-00228","SYSTANE BALANCE GOTAS 10ML","Otros","imagenesmedimentos/genericas/productos/prod-00228.svg","https://placehold.co/400x400/e8edf3/0b1f3a?text=Medicamento%20prod-00228"
"prod-00229","SYSTANE COMPLETE GOTAS 10ML","Otros","imagenesmedimentos/genericas/productos/prod-00229.svg","https://placehold.co/400x400/e8edf3/0b1f3a?text=Medicamento%20prod-00229"
"prod-00314","TADALOFILO 20MG","Otros","imagenesmedimentos/genericas/productos/prod-00314.svg","https://placehold.co/400x400/e8edf3/0b1f3a?text=Medicamento%20prod-00314"
"prod-00715","TALCO JOHNSON 100G","Otros","imagenesmedimentos/genericas/productos/prod-00715.svg","https://placehold.co/400x400/e8edf3/0b1f3a?text=Medicamento%20prod-00715"
"prod-00550","TALCO YODORA 60G","Otros","imagenesmedimentos/genericas/productos/prod-00550.svg","https://placehold.co/400x400/e8edf3/0b1f3a?text=Medicamento%20prod-00550"
"prod-00792","TAMPON NOSOTRAS SUPER 8UNIDA","Otros","imagenesmedimentos/genericas/productos/prod-00792.svg","https://placehold.co/400x400/e8edf3/0b1f3a?text=Medicamento%20prod-00792"
"prod-00179","TAMPONES NOSOTRAS 8 CON APLICA","Otros","imagenesmedimentos/genericas/productos/prod-00179.svg","https://placehold.co/400x400/e8edf3/0b1f3a?text=Medicamento%20prod-00179"
"prod-00646","TE HATSU SURTIDO 450ML","Otros","imagenesmedimentos/genericas/productos/prod-00646.svg","https://placehold.co/400x400/e8edf3/0b1f3a?text=Medicamento%20prod-00646"
"prod-00311","TIAMINA 300MG EC","Otros","imagenesmedimentos/genericas/productos/prod-00311.svg","https://placehold.co/400x400/e8edf3/0b1f3a?text=Medicamento%20prod-00311"
"prod-00457","TOROVITAL SANGRE TORO 1000ML","Otros","imagenesmedimentos/genericas/productos/prod-00457.svg","https://placehold.co/400x400/e8edf3/0b1f3a?text=Medicamento%20prod-00457"
"prod-00326","TORROX ETORICOXIB 120 MG 10 TA","Otros","imagenesmedimentos/genericas/productos/prod-00326.svg","https://placehold.co/400x400/e8edf3/0b1f3a?text=Medicamento%20prod-00326"
"prod-00420","TOTUMO JARABE 240ML FRESLY","Otros","imagenesmedimentos/genericas/productos/prod-00420.svg","https://placehold.co/400x400/e8edf3/0b1f3a?text=Medicamento%20prod-00420"
"prod-00452","TOTUMO JARABE LABFARVE 240ML","Otros","imagenesmedimentos/genericas/productos/prod-00452.svg","https://placehold.co/400x400/e8edf3/0b1f3a?text=Medicamento%20prod-00452"
"prod-00777","TRAT NUTRIBELA SOBRE REPARACIO","Otros","imagenesmedimentos/genericas/productos/prod-00777.svg","https://placehold.co/400x400/e8edf3/0b1f3a?text=Medicamento%20prod-00777"
"prod-00767","TRATAM CAIDA RESIST 300ML ELVI","Otros","imagenesmedimentos/genericas/productos/prod-00767.svg","https://placehold.co/400x400/e8edf3/0b1f3a?text=Medicamento%20prod-00767"
"prod-00768","TRATAM COLLAGENO 300G ELVIVE","Otros","imagenesmedimentos/genericas/productos/prod-00768.svg","https://placehold.co/400x400/e8edf3/0b1f3a?text=Medicamento%20prod-00768"
"prod-00766","TRATAM GLYCOLIC CRITAL 300G ELVIVE","Otros","imagenesmedimentos/genericas/productos/prod-00766.svg","https://placehold.co/400x400/e8edf3/0b1f3a?text=Medicamento%20prod-00766"
"prod-00769","TRATAM GLYCOLIC GLOSS 300G ELV","Otros","imagenesmedimentos/genericas/productos/prod-00769.svg","https://placehold.co/400x400/e8edf3/0b1f3a?text=Medicamento%20prod-00769"
"prod-00770","TRATAM HIDRAHIALURONICO 300G ELVIVE","Otros","imagenesmedimentos/genericas/productos/prod-00770.svg","https://placehold.co/400x400/e8edf3/0b1f3a?text=Medicamento%20prod-00770"
"prod-00780","TRATAM NUTRIBELA PRO HIALURONI","Otros","imagenesmedimentos/genericas/productos/prod-00780.svg","https://placehold.co/400x400/e8edf3/0b1f3a?text=Medicamento%20prod-00780"
"prod-00779","TRATAM NUTRIBELA SOBRE CELULAS","Otros","imagenesmedimentos/genericas/productos/prod-00779.svg","https://placehold.co/400x400/e8edf3/0b1f3a?text=Medicamento%20prod-00779"
"prod-00778","TRATAM NUTRIBELA SOBRE TERMOPR","Otros","imagenesmedimentos/genericas/productos/prod-00778.svg","https://placehold.co/400x400/e8edf3/0b1f3a?text=Medicamento%20prod-00778"
"prod-00762","TRATAMI 3 EN 1 HIDRAHIALU 500M","Otros","imagenesmedimentos/genericas/productos/prod-00762.svg","https://placehold.co/400x400/e8edf3/0b1f3a?text=Medicamento%20prod-00762"
"prod-00764","TRATAMI DREAM LISO 300G ELVIVE","Otros","imagenesmedimentos/genericas/productos/prod-00764.svg","https://placehold.co/400x400/e8edf3/0b1f3a?text=Medicamento%20prod-00764"
"prod-00761","TRATAMIENTO 3 EN 1 500ML REPAR","Otros","imagenesmedimentos/genericas/productos/prod-00761.svg","https://placehold.co/400x400/e8edf3/0b1f3a?text=Medicamento%20prod-00761"
"prod-00758","TRATAMIENTO REPARA TOTAL5 ELVI","Otros","imagenesmedimentos/genericas/productos/prod-00758.svg","https://placehold.co/400x400/e8edf3/0b1f3a?text=Medicamento%20prod-00758"
"prod-00785","TRAVAD ORAL 133ML LIMON","Otros","imagenesmedimentos/genericas/productos/prod-00785.svg","https://placehold.co/400x400/e8edf3/0b1f3a?text=Medicamento%20prod-00785"
"prod-00567","TRIMEBUTINA MALEATO 200MG","Otros","imagenesmedimentos/genericas/productos/prod-00567.svg","https://placehold.co/400x400/e8edf3/0b1f3a?text=Medicamento%20prod-00567"
"prod-00568","TRIMEBUTINA MALEATO 200MG GENF","Otros","imagenesmedimentos/genericas/productos/prod-00568.svg","https://placehold.co/400x400/e8edf3/0b1f3a?text=Medicamento%20prod-00568"
"prod-00863","TRIMETOPRIM SULFAMETO F GENGAR","Otros","imagenesmedimentos/genericas/productos/prod-00863.svg","https://placehold.co/400x400/e8edf3/0b1f3a?text=Medicamento%20prod-00863"
"prod-00670","TRULULU PIRAMIDAL","Otros","imagenesmedimentos/genericas/productos/prod-00670.svg","https://placehold.co/400x400/e8edf3/0b1f3a?text=Medicamento%20prod-00670"
"prod-00874","VALSARTAN 160MG 14TAB LA SANTE","Otros","imagenesmedimentos/genericas/productos/prod-00874.svg","https://placehold.co/400x400/e8edf3/0b1f3a?text=Medicamento%20prod-00874"
"prod-00371","VENDA 3¨","Otros","imagenesmedimentos/genericas/productos/prod-00371.svg","https://placehold.co/400x400/e8edf3/0b1f3a?text=Medicamento%20prod-00371"
"prod-00372","VENDA 4¨","Otros","imagenesmedimentos/genericas/productos/prod-00372.svg","https://placehold.co/400x400/e8edf3/0b1f3a?text=Medicamento%20prod-00372"
"prod-00373","VENDA ELASTICA 5¨","Otros","imagenesmedimentos/genericas/productos/prod-00373.svg","https://placehold.co/400x400/e8edf3/0b1f3a?text=Medicamento%20prod-00373"
"prod-00374","VENDA ELASTICA 6¨","Otros","imagenesmedimentos/genericas/productos/prod-00374.svg","https://placehold.co/400x400/e8edf3/0b1f3a?text=Medicamento%20prod-00374"
"prod-00380","VIAGRA SILDENAFIL 50 MG -2TABL","Otros","imagenesmedimentos/genericas/productos/prod-00380.svg","https://placehold.co/400x400/e8edf3/0b1f3a?text=Medicamento%20prod-00380"
"prod-00219","VICK BABY BALM 50G","Otros","imagenesmedimentos/genericas/productos/prod-00219.svg","https://placehold.co/400x400/e8edf3/0b1f3a?text=Medicamento%20prod-00219"
"prod-00218","VICK VAPORUB 50G","Otros","imagenesmedimentos/genericas/productos/prod-00218.svg","https://placehold.co/400x400/e8edf3/0b1f3a?text=Medicamento%20prod-00218"
"prod-00067","WASSERTROL UNGUENTO 5G","Otros","imagenesmedimentos/genericas/productos/prod-00067.svg","https://placehold.co/400x400/e8edf3/0b1f3a?text=Medicamento%20prod-00067"
"prod-00749","WINADEINE F EUROFARMA","Otros","imagenesmedimentos/genericas/productos/prod-00749.svg","https://placehold.co/400x400/e8edf3/0b1f3a?text=Medicamento%20prod-00749"
"prod-00149","X RAY DOL TABLETAS","Otros","imagenesmedimentos/genericas/productos/prod-00149.svg","https://placehold.co/400x400/e8edf3/0b1f3a?text=Medicamento%20prod-00149"
"prod-00153","YODOPOVIL ESPUMA 60 ML","Otros","imagenesmedimentos/genericas/productos/prod-00153.svg","https://placehold.co/400x400/e8edf3/0b1f3a?text=Medicamento%20prod-00153"
"prod-00154","YODOPOVIL SOLUCION 60ML","Otros","imagenesmedimentos/genericas/productos/prod-00154.svg","https://placehold.co/400x400/e8edf3/0b1f3a?text=Medicamento%20prod-00154"
"prod-00208","CEBION VITAMINA C NARANJA 550M","Vitaminas","imagenesmedimentos/genericas/productos/prod-00208.svg","https://placehold.co/400x400/e8edf3/0b1f3a?text=Medicamento%20prod-00208"
"prod-00852","CENTRUM SILVER +50 30 TABLETAS","Vitaminas","imagenesmedimentos/centrum.jpg","https://placehold.co/400x400/e8edf3/0b1f3a?text=Medicamento%20prod-00852"
"prod-00851","CENTRUM SILVER WOMEN 50+ 30TAB","Vitaminas","imagenesmedimentos/centrum.jpg","https://placehold.co/400x400/e8edf3/0b1f3a?text=Medicamento%20prod-00851"
"prod-00691","COMPLEJO B + ZINC + VITA PHARB","Vitaminas","imagenesmedimentos/genericas/productos/prod-00691.svg","https://placehold.co/400x400/e8edf3/0b1f3a?text=Medicamento%20prod-00691"
"prod-00687","SURELAB ULTRA MULTIVITA VAINIL","Vitaminas","imagenesmedimentos/genericas/productos/prod-00687.svg","https://placehold.co/400x400/e8edf3/0b1f3a?text=Medicamento%20prod-00687"
"prod-00444","VITAMINA E COLMED 10 CAPSULAS","Vitaminas","imagenesmedimentos/genericas/productos/prod-00444.svg","https://placehold.co/400x400/e8edf3/0b1f3a?text=Medicamento%20prod-00444"
